subfolder,filename,jobs,machines,T_star,Cmax,ratio_lp
instancias100a200,1046.txt,1000,40,2656.0,2552.0,1.0407523510971788
instancias1a100,1011.txt,1000,10,1008.0,977.0,1.0317297850562948
instancias1a100,1012.txt,1000,10,960.0,905.0,1.0607734806629834
instancias1a100,1013.txt,1000,10,1017.0,978.0,1.039877300613497
instancias1a100,1014.txt,1000,10,976.0,960.0,1.0166666666666666
instancias1a100,1015.txt,1000,10,977.0,964.0,1.0134854771784232
instancias1a100,1016.txt,1000,10,992.0,974.0,1.0184804928131417
instancias1a100,1017.txt,1000,10,985.0,942.0,1.045647558386412
instancias1a100,1018.txt,1000,10,1032.0,990.0,1.0424242424242425
instancias1a100,1019.txt,1000,10,976.0,937.0,1.0416221985058698
instancias1a100,1020.txt,1000,10,1085.0,986.0,1.1004056795131847
instancias1a100,1021.txt,1000,20,273.0,258.0,1.058139534883721
instancias1a100,1022.txt,1000,20,292.0,267.0,1.0936329588014981
instancias1a100,1023.txt,1000,20,269.0,253.0,1.0632411067193677
instancias1a100,1024.txt,1000,20,289.0,266.0,1.086466165413534
instancias1a100,1025.txt,1000,20,289.0,276.0,1.0471014492753623
instancias1a100,1026.txt,1000,20,279.0,267.0,1.0449438202247192
instancias1a100,1027.txt,1000,20,310.0,279.0,1.1111111111111112
instancias1a100,1028.txt,1000,20,291.0,272.0,1.0698529411764706
instancias1a100,1029.txt,1000,20,284.0,267.0,1.0636704119850187
instancias1a100,1030.txt,1000,20,291.0,260.0,1.1192307692307693
instancias1a100,1031.txt,1000,30,139.0,129.0,1.0775193798449612
instancias1a100,1032.txt,1000,30,149.0,137.0,1.0875912408759123
instancias1a100,1033.txt,1000,30,142.0,123.0,1.1544715447154472
instancias1a100,1034.txt,1000,30,136.0,126.0,1.0793650793650793
instancias1a100,1035.txt,1000,30,146.0,128.0,1.140625
instancias1a100,1036.txt,1000,30,140.0,125.0,1.12
instancias1a100,1037.txt,1000,30,145.0,128.0,1.1328125
instancias1a100,1038.txt,1000,30,141.0,126.0,1.119047619047619
instancias1a100,1039.txt,1000,30,143.0,128.0,1.1171875
instancias1a100,1040.txt,1000,30,145.0,127.0,1.141732283464567
instancias1a100,1041.txt,1000,40,93.0,74.0,1.2567567567567568
instancias1a100,1042.txt,1000,40,87.0,74.0,1.1756756756756757
instancias1a100,1043.txt,1000,40,90.0,77.0,1.1688311688311688
instancias1a100,1044.txt,1000,40,87.0,75.0,1.16
instancias1a100,1045.txt,1000,40,88.0,77.0,1.1428571428571428
instancias1a100,1046.txt,1000,40,88.0,75.0,1.1733333333333333
instancias1a100,1047.txt,1000,40,88.0,77.0,1.1428571428571428
instancias1a100,1048.txt,1000,40,92.0,75.0,1.2266666666666666
instancias1a100,1049.txt,1000,40,85.0,76.0,1.118421052631579
instancias1a100,1050.txt,1000,40,88.0,74.0,1.1891891891891893
instancias1a100,1051.txt,1000,50,59.0,51.0,1.1568627450980393
instancias1a100,1052.txt,1000,50,57.0,49.0,1.163265306122449
instancias1a100,1053.txt,1000,50,62.0,51.0,1.2156862745098038
instancias1a100,1054.txt,1000,50,60.0,51.0,1.1764705882352942
instancias1a100,1055.txt,1000,50,57.0,51.0,1.1176470588235294
instancias1a100,1056.txt,1000,50,62.0,51.0,1.2156862745098038
instancias1a100,1057.txt,1000,50,75.0,50.0,1.5
instancias1a100,1058.txt,1000,50,62.0,53.0,1.169811320754717
instancias1a100,1059.txt,1000,50,74.0,54.0,1.3703703703703705
instancias1a100,1060.txt,1000,50,64.0,52.0,1.2307692307692308
instancias1a100,111.txt,100,10,152.0,117.0,1.2991452991452992
instancias1a100,112.txt,100,10,103.0,87.0,1.1839080459770115
instancias1a100,113.txt,100,10,125.0,98.0,1.2755102040816326
instancias1a100,114.txt,100,10,131.0,115.0,1.1391304347826088
instancias1a100,115.txt,100,10,136.0,104.0,1.3076923076923077
instancias1a100,116.txt,100,10,117.0,101.0,1.1584158415841583
instancias1a100,117.txt,100,10,137.0,114.0,1.2017543859649122
instancias1a100,118.txt,100,10,131.0,103.0,1.2718446601941749
instancias1a100,119.txt,100,10,148.0,114.0,1.2982456140350878
instancias1a100,120.txt,100,10,131.0,98.0,1.336734693877551
instancias1a100,121.txt,100,20,42.0,30.0,1.4
instancias1a100,122.txt,100,20,54.0,36.0,1.5
instancias1a100,123.txt,100,20,49.0,32.0,1.53125
instancias1a100,124.txt,100,20,49.0,33.0,1.4848484848484849
instancias1a100,125.txt,100,20,48.0,31.0,1.5483870967741935
instancias1a100,126.txt,100,20,40.0,29.0,1.3793103448275863
instancias1a100,127.txt,100,20,52.0,35.0,1.4857142857142858
instancias1a100,128.txt,100,20,44.0,30.0,1.4666666666666666
instancias1a100,129.txt,100,20,44.0,30.0,1.4666666666666666
instancias1a100,130.txt,100,20,45.0,29.0,1.5517241379310345
instancias1a100,131.txt,100,30,30.0,19.0,1.5789473684210527
instancias1a100,132.txt,100,30,35.0,23.0,1.5217391304347827
instancias1a100,133.txt,100,30,23.0,16.0,1.4375
instancias1a100,134.txt,100,30,28.0,18.0,1.5555555555555556
instancias1a100,135.txt,100,30,26.0,16.0,1.625
instancias1a100,136.txt,100,30,40.0,24.0,1.6666666666666667
instancias1a100,137.txt,100,30,26.0,17.0,1.5294117647058822
instancias1a100,138.txt,100,30,36.0,19.0,1.894736842105263
instancias1a100,139.txt,100,30,24.0,16.0,1.5
instancias1a100,140.txt,100,30,28.0,17.0,1.6470588235294117
instancias1a100,141.txt,100,40,16.0,10.0,1.6
instancias1a100,142.txt,100,40,21.0,12.0,1.75
instancias1a100,143.txt,100,40,18.0,12.0,1.5
instancias1a100,144.txt,100,40,15.0,10.0,1.5
instancias1a100,145.txt,100,40,20.0,11.0,1.8181818181818181
instancias1a100,146.txt,100,40,17.0,12.0,1.4166666666666667
instancias1a100,147.txt,100,40,19.0,14.0,1.3571428571428572
instancias1a100,148.txt,100,40,19.0,13.0,1.4615384615384615
instancias1a100,149.txt,100,40,30.0,23.0,1.3043478260869565
instancias1a100,150.txt,100,40,20.0,14.0,1.4285714285714286
instancias1a100,151.txt,100,50,13.0,8.0,1.625
instancias1a100,152.txt,100,50,17.0,13.0,1.3076923076923077
instancias1a100,153.txt,100,50,18.0,10.0,1.8
instancias1a100,154.txt,100,50,17.0,11.0,1.5454545454545454
instancias1a100,155.txt,100,50,14.0,9.0,1.5555555555555556
instancias1a100,156.txt,100,50,18.0,10.0,1.8
instancias1a100,157.txt,100,50,14.0,8.0,1.75
instancias1a100,158.txt,100,50,17.0,11.0,1.5454545454545454
instancias1a100,159.txt,100,50,14.0,9.0,1.5555555555555556
instancias1a100,160.txt,100,50,16.0,9.0,1.7777777777777777
instancias1a100,211.txt,200,10,252.0,204.0,1.2352941176470589
instancias1a100,212.txt,200,10,228.0,204.0,1.1176470588235294
instancias1a100,213.txt,200,10,218.0,197.0,1.1065989847715736
instancias1a100,214.txt,200,10,210.0,195.0,1.0769230769230769
instancias1a100,215.txt,200,10,257.0,218.0,1.1788990825688073
instancias1a100,216.txt,200,10,211.0,183.0,1.1530054644808743
instancias1a100,217.txt,200,10,210.0,189.0,1.1111111111111112
instancias1a100,218.txt,200,10,220.0,198.0,1.1111111111111112
instancias1a100,219.txt,200,10,215.0,197.0,1.0913705583756346
instancias1a100,220.txt,200,10,230.0,206.0,1.116504854368932
instancias1a100,221.txt,200,20,89.0,55.0,1.6181818181818182
instancias1a100,222.txt,200,20,75.0,58.0,1.293103448275862
instancias1a100,223.txt,200,20,72.0,53.0,1.3584905660377358
instancias1a100,224.txt,200,20,80.0,60.0,1.3333333333333333
instancias1a100,225.txt,200,20,77.0,55.0,1.4
instancias1a100,226.txt,200,20,82.0,59.0,1.3898305084745763
instancias1a100,227.txt,200,20,83.0,58.0,1.4310344827586208
instancias1a100,228.txt,200,20,76.0,56.0,1.3571428571428572
instancias1a100,229.txt,200,20,77.0,58.0,1.3275862068965518
instancias1a100,230.txt,200,20,69.0,54.0,1.2777777777777777
instancias1a100,231.txt,200,30,45.0,27.0,1.6666666666666667
instancias1a100,232.txt,200,30,41.0,27.0,1.5185185185185186
instancias1a100,233.txt,200,30,46.0,28.0,1.6428571428571428
instancias1a100,234.txt,200,30,41.0,27.0,1.5185185185185186
instancias1a100,235.txt,200,30,39.0,24.0,1.625
instancias1a100,236.txt,200,30,43.0,31.0,1.3870967741935485
instancias1a100,237.txt,200,30,39.0,27.0,1.4444444444444444
instancias1a100,238.txt,200,30,38.0,28.0,1.3571428571428572
instancias1a100,239.txt,200,30,43.0,29.0,1.4827586206896552
instancias1a100,240.txt,200,30,43.0,30.0,1.4333333333333333
instancias1a100,241.txt,200,40,26.0,17.0,1.5294117647058822
instancias1a100,242.txt,200,40,24.0,17.0,1.411764705882353
instancias1a100,243.txt,200,40,23.0,16.0,1.4375
instancias1a100,244.txt,200,40,29.0,17.0,1.7058823529411764
instancias1a100,245.txt,200,40,36.0,19.0,1.894736842105263
instancias1a100,246.txt,200,40,28.0,18.0,1.5555555555555556
instancias1a100,247.txt,200,40,28.0,18.0,1.5555555555555556
instancias1a100,248.txt,200,40,27.0,17.0,1.588235294117647
instancias1a100,249.txt,200,40,23.0,14.0,1.6428571428571428
instancias1a100,250.txt,200,40,25.0,18.0,1.3888888888888888
instancias1a100,251.txt,200,50,23.0,13.0,1.7692307692307692
instancias1a100,252.txt,200,50,25.0,16.0,1.5625
instancias1a100,253.txt,200,50,22.0,12.0,1.8333333333333333
instancias1a100,254.txt,200,50,22.0,12.0,1.8333333333333333
instancias1a100,255.txt,200,50,22.0,13.0,1.6923076923076923
instancias1a100,256.txt,200,50,16.0,12.0,1.3333333333333333
instancias1a100,257.txt,200,50,21.0,13.0,1.6153846153846154
instancias1a100,258.txt,200,50,20.0,12.0,1.6666666666666667
instancias1a100,259.txt,200,50,21.0,13.0,1.6153846153846154
instancias1a100,260.txt,200,50,20.0,12.0,1.6666666666666667
instancias1a100,511.txt,500,10,531.0,501.0,1.0598802395209581
instancias1a100,512.txt,500,10,507.0,484.0,1.0475206611570247
instancias1a100,513.txt,500,10,517.0,500.0,1.034
instancias1a100,514.txt,500,10,511.0,469.0,1.0895522388059702
instancias1a100,515.txt,500,10,532.0,503.0,1.0576540755467196
instancias1a100,516.txt,500,10,526.0,497.0,1.0583501006036218
instancias1a100,517.txt,500,10,508.0,455.0,1.1164835164835165
instancias1a100,518.txt,500,10,524.0,467.0,1.1220556745182013
instancias1a100,519.txt,500,10,510.0,490.0,1.0408163265306123
instancias1a100,520.txt,500,10,536.0,483.0,1.1097308488612836
instancias1a100,521.txt,500,20,153.0,135.0,1.1333333333333333
instancias1a100,522.txt,500,20,149.0,130.0,1.146153846153846
instancias1a100,523.txt,500,20,167.0,137.0,1.218978102189781
instancias1a100,524.txt,500,20,165.0,138.0,1.1956521739130435
instancias1a100,525.txt,500,20,158.0,147.0,1.0748299319727892
instancias1a100,526.txt,500,20,155.0,134.0,1.1567164179104477
instancias1a100,527.txt,500,20,159.0,132.0,1.2045454545454546
instancias1a100,528.txt,500,20,147.0,136.0,1.0808823529411764
instancias1a100,529.txt,500,20,156.0,137.0,1.1386861313868613
instancias1a100,530.txt,500,20,144.0,124.0,1.1612903225806452
instancias1a100,531.txt,500,30,75.0,62.0,1.2096774193548387
instancias1a100,532.txt,500,30,85.0,68.0,1.25
instancias1a100,533.txt,500,30,82.0,67.0,1.2238805970149254
instancias1a100,534.txt,500,30,84.0,66.0,1.2727272727272727
instancias1a100,535.txt,500,30,85.0,67.0,1.2686567164179106
instancias1a100,536.txt,500,30,82.0,64.0,1.28125
instancias1a100,537.txt,500,30,70.0,61.0,1.1475409836065573
instancias1a100,538.txt,500,30,80.0,66.0,1.2121212121212122
instancias1a100,539.txt,500,30,79.0,63.0,1.253968253968254
instancias1a100,540.txt,500,30,82.0,68.0,1.2058823529411764
instancias1a100,541.txt,500,40,48.0,39.0,1.2307692307692308
instancias1a100,542.txt,500,40,55.0,39.0,1.4102564102564104
instancias1a100,543.txt,500,40,55.0,39.0,1.4102564102564104
instancias1a100,544.txt,500,40,54.0,39.0,1.3846153846153846
instancias1a100,545.txt,500,40,67.0,39.0,1.7179487179487178
instancias1a100,546.txt,500,40,56.0,38.0,1.4736842105263157
instancias1a100,547.txt,500,40,57.0,39.0,1.4615384615384615
instancias1a100,548.txt,500,40,60.0,40.0,1.5
instancias1a100,549.txt,500,40,48.0,39.0,1.2307692307692308
instancias1a100,550.txt,500,40,57.0,37.0,1.5405405405405406
instancias1a100,551.txt,500,50,35.0,26.0,1.3461538461538463
instancias1a100,552.txt,500,50,38.0,27.0,1.4074074074074074
instancias1a100,553.txt,500,50,34.0,26.0,1.3076923076923077
instancias1a100,554.txt,500,50,37.0,27.0,1.3703703703703705
instancias1a100,555.txt,500,50,41.0,26.0,1.5769230769230769
instancias1a100,556.txt,500,50,39.0,27.0,1.4444444444444444
instancias1a100,557.txt,500,50,44.0,28.0,1.5714285714285714
instancias1a100,558.txt,500,50,33.0,26.0,1.2692307692307692
instancias1a100,559.txt,500,50,35.0,27.0,1.2962962962962963
instancias1a100,560.txt,500,50,36.0,27.0,1.3333333333333333
instancias100a120,1011.txt,1000,10,10341.0,10141.0,1.0197219209150972
instancias100a120,1012.txt,1000,10,10239.0,10141.0,1.0096637412483975
instancias100a120,1013.txt,1000,10,10458.0,10151.0,1.0302433257807113
instancias100a120,1014.txt,1000,10,10260.0,10151.0,1.0107378583390798
instancias100a120,1015.txt,1000,10,10371.0,10150.0,1.0217733990147784
instancias100a120,1016.txt,1000,10,10250.0,10146.0,1.0102503449635325
instancias100a120,1017.txt,1000,10,10458.0,10142.0,1.0311575626109248
instancias100a120,1018.txt,1000,10,10481.0,10150.0,1.0326108374384237
instancias100a120,1019.txt,1000,10,10240.0,10148.0,1.0090658257784786
instancias100a120,1020.txt,1000,10,10355.0,10152.0,1.019996059889677
instancias100a120,1021.txt,1000,20,5139.0,5030.0,1.0216699801192843
instancias100a120,1022.txt,1000,20,5338.0,5032.0,1.0608108108108107
instancias100a120,1023.txt,1000,20,5128.0,5028.0,1.0198886237072395
instancias100a120,1024.txt,1000,20,5130.0,5030.0,1.0198807157057654
instancias100a120,1025.txt,1000,20,5234.0,5032.0,1.0401430842607313
instancias100a120,1026.txt,1000,20,5127.0,5028.0,1.019689737470167
instancias100a120,1027.txt,1000,20,5128.0,5031.0,1.0192804611409263
instancias100a120,1028.txt,1000,20,5131.0,5031.0,1.0198767640628106
instancias100a120,1029.txt,1000,20,5147.0,5031.0,1.0230570463128603
instancias100a120,1030.txt,1000,20,5130.0,5029.0,1.0200835156094652
instancias100a120,1031.txt,1000,30,3420.0,3407.0,1.0038156736131494
instancias100a120,1032.txt,1000,30,3420.0,3407.0,1.0038156736131494
instancias100a120,1033.txt,1000,30,3517.0,3402.0,1.033803644914756
instancias100a120,1034.txt,1000,30,3415.0,3408.0,1.0020539906103287
instancias100a120,1035.txt,1000,30,3417.0,3406.0,1.0032295948326482
instancias100a120,1036.txt,1000,30,3417.0,3407.0,1.0029351335485766
instancias100a120,1037.txt,1000,30,3515.0,3400.0,1.0338235294117648
instancias100a120,1038.txt,1000,30,3418.0,3404.0,1.0041128084606346
instancias100a120,1039.txt,1000,30,3512.0,3407.0,1.030818902260053
instancias100a120,1040.txt,1000,30,3417.0,3401.0,1.0047044986768598
instancias100a120,1041.txt,1000,40,2606.0,2506.0,1.0399042298483638
instancias100a120,1042.txt,1000,40,2604.0,2506.0,1.0391061452513966
instancias100a120,1043.txt,1000,40,2604.0,2505.0,1.0395209580838323
instancias100a120,1044.txt,1000,40,2704.0,2505.0,1.0794411177644712
instancias100a120,1045.txt,1000,40,2604.0,2505.0,1.0395209580838323
instancias100a120,1046.txt,1000,40,2604.0,2506.0,1.0391061452513966
instancias100a120,1047.txt,1000,40,2706.0,2505.0,1.0802395209580837
instancias100a120,1048.txt,1000,40,2704.0,2505.0,1.0794411177644712
instancias100a120,1049.txt,1000,40,2604.0,2505.0,1.0395209580838323
instancias100a120,1050.txt,1000,40,2705.0,2506.0,1.0794094173982443
instancias100a120,1051.txt,1000,50,2105.0,2005.0,1.0498753117206983
instancias100a120,1052.txt,1000,50,2203.0,2004.0,1.0993013972055887
instancias100a120,1053.txt,1000,50,2201.0,2004.0,1.0983033932135728
instancias100a120,1054.txt,1000,50,2103.0,2003.0,1.0499251123315028
instancias100a120,1055.txt,1000,50,2102.0,2004.0,1.0489021956087825
instancias100a120,1056.txt,1000,50,2102.0,2004.0,1.0489021956087825
instancias100a120,1057.txt,1000,50,2104.0,2003.0,1.0504243634548178
instancias100a120,1058.txt,1000,50,2201.0,2003.0,1.0988517224163754
instancias100a120,1059.txt,1000,50,2102.0,2005.0,1.0483790523690772
instancias100a120,1060.txt,1000,50,2103.0,2004.0,1.0494011976047903
instancias100a120,111.txt,100,10,1119.0,1014.0,1.1035502958579881
instancias100a120,112.txt,100,10,1218.0,1018.0,1.1964636542239686
instancias100a120,113.txt,100,10,1111.0,1016.0,1.093503937007874
instancias100a120,114.txt,100,10,1115.0,1018.0,1.0952848722986248
instancias100a120,115.txt,100,10,1124.0,1019.0,1.1030421982335623
instancias100a120,116.txt,100,10,1208.0,1015.0,1.1901477832512315
instancias100a120,117.txt,100,10,1111.0,1016.0,1.093503937007874
instancias100a120,118.txt,100,10,1119.0,1017.0,1.1002949852507375
instancias100a120,119.txt,100,10,1112.0,1018.0,1.0923379174852652
instancias100a120,120.txt,100,10,1114.0,1015.0,1.097536945812808
instancias100a120,121.txt,100,20,608.0,506.0,1.2015810276679841
instancias100a120,122.txt,100,20,606.0,505.0,1.2
instancias100a120,123.txt,100,20,607.0,505.0,1.201980198019802
instancias100a120,124.txt,100,20,603.0,505.0,1.194059405940594
instancias100a120,125.txt,100,20,605.0,506.0,1.1956521739130435
instancias100a120,126.txt,100,20,607.0,508.0,1.1948818897637796
instancias100a120,127.txt,100,20,607.0,505.0,1.201980198019802
instancias100a120,128.txt,100,20,605.0,507.0,1.193293885601578
instancias100a120,129.txt,100,20,604.0,505.0,1.196039603960396
instancias100a120,130.txt,100,20,605.0,508.0,1.1909448818897639
instancias100a120,131.txt,100,30,501.0,400.0,1.2525
instancias100a120,132.txt,100,30,501.0,400.0,1.2525
instancias100a120,133.txt,100,30,504.0,400.0,1.26
instancias100a120,134.txt,100,30,404.0,400.0,1.01
instancias100a120,135.txt,100,30,504.0,400.0,1.26
instancias100a120,136.txt,100,30,500.0,400.0,1.25
instancias100a120,137.txt,100,30,504.0,400.0,1.26
instancias100a120,138.txt,100,30,604.0,400.0,1.51
instancias100a120,139.txt,100,30,405.0,400.0,1.0125
instancias100a120,140.txt,100,30,405.0,400.0,1.0125
instancias100a120,141.txt,100,40,303.0,300.0,1.01
instancias100a120,142.txt,100,40,303.0,300.0,1.01
instancias100a120,143.txt,100,40,401.0,300.0,1.3366666666666667
instancias100a120,144.txt,100,40,305.0,300.0,1.0166666666666666
instancias100a120,145.txt,100,40,305.0,300.0,1.0166666666666666
instancias100a120,146.txt,100,40,303.0,300.0,1.01
instancias100a120,147.txt,100,40,307.0,300.0,1.0233333333333334
instancias100a120,148.txt,100,40,305.0,300.0,1.0166666666666666
instancias100a120,149.txt,100,40,304.0,300.0,1.0133333333333334
instancias100a120,150.txt,100,40,305.0,300.0,1.0166666666666666
instancias100a120,151.txt,100,50,302.0,201.0,1.5024875621890548
instancias100a120,152.txt,100,50,400.0,202.0,1.9801980198019802
instancias100a120,153.txt,100,50,304.0,201.0,1.5124378109452736
instancias100a120,154.txt,100,50,303.0,202.0,1.5
instancias100a120,155.txt,100,50,300.0,202.0,1.4851485148514851
instancias100a120,156.txt,100,50,400.0,202.0,1.9801980198019802
instancias100a120,157.txt,100,50,303.0,202.0,1.5
instancias100a120,158.txt,100,50,303.0,202.0,1.5
instancias100a120,159.txt,100,50,303.0,202.0,1.5
instancias100a120,160.txt,100,50,302.0,201.0,1.5024875621890548
instancias100a120,211.txt,200,10,2132.0,2031.0,1.049729197439685
instancias100a120,212.txt,200,10,2237.0,2030.0,1.1019704433497537
instancias100a120,213.txt,200,10,2149.0,2036.0,1.055500982318271
instancias100a120,214.txt,200,10,2222.0,2028.0,1.0956607495069033
instancias100a120,215.txt,200,10,2354.0,2037.0,1.1556210112911143
instancias100a120,216.txt,200,10,2130.0,2028.0,1.0502958579881656
instancias100a120,217.txt,200,10,2134.0,2031.0,1.050713934022649
instancias100a120,218.txt,200,10,2124.0,2030.0,1.0463054187192118
instancias100a120,219.txt,200,10,2142.0,2034.0,1.0530973451327434
instancias100a120,220.txt,200,10,2230.0,2029.0,1.0990635781172993
instancias100a120,221.txt,200,20,1106.0,1007.0,1.0983118172790467
instancias100a120,222.txt,200,20,1106.0,1008.0,1.0972222222222223
instancias100a120,223.txt,200,20,1206.0,1008.0,1.1964285714285714
instancias100a120,224.txt,200,20,1109.0,1007.0,1.1012909632571997
instancias100a120,225.txt,200,20,1111.0,1008.0,1.1021825396825398
instancias100a120,226.txt,200,20,1109.0,1007.0,1.1012909632571997
instancias100a120,227.txt,200,20,1210.0,1009.0,1.199207135777998
instancias100a120,228.txt,200,20,1105.0,1007.0,1.0973187686196624
instancias100a120,229.txt,200,20,1106.0,1008.0,1.0972222222222223
instancias100a120,230.txt,200,20,1107.0,1007.0,1.099304865938431
instancias100a120,231.txt,200,30,801.0,701.0,1.1426533523537803
instancias100a120,232.txt,200,30,802.0,702.0,1.1424501424501425
instancias100a120,233.txt,200,30,706.0,702.0,1.0056980056980056
instancias100a120,234.txt,200,30,801.0,701.0,1.1426533523537803
instancias100a120,235.txt,200,30,801.0,702.0,1.141025641025641
instancias100a120,236.txt,200,30,803.0,702.0,1.1438746438746439
instancias100a120,237.txt,200,30,707.0,702.0,1.0071225071225072
instancias100a120,238.txt,200,30,707.0,702.0,1.0071225071225072
instancias100a120,239.txt,200,30,706.0,701.0,1.007132667617689
instancias100a120,240.txt,200,30,805.0,703.0,1.1450924608819346
instancias100a120,241.txt,200,40,602.0,503.0,1.1968190854870775
instancias100a120,242.txt,200,40,602.0,504.0,1.1944444444444444
instancias100a120,243.txt,200,40,602.0,503.0,1.1968190854870775
instancias100a120,244.txt,200,40,602.0,502.0,1.199203187250996
instancias100a120,245.txt,200,40,603.0,502.0,1.201195219123506
instancias100a120,246.txt,200,40,603.0,503.0,1.1988071570576542
instancias100a120,247.txt,200,40,603.0,503.0,1.1988071570576542
instancias100a120,248.txt,200,40,602.0,502.0,1.199203187250996
instancias100a120,249.txt,200,40,601.0,502.0,1.197211155378486
instancias100a120,250.txt,200,40,601.0,503.0,1.194831013916501
instancias100a120,251.txt,200,50,501.0,401.0,1.2493765586034913
instancias100a120,252.txt,200,50,519.0,402.0,1.291044776119403
instancias100a120,253.txt,200,50,502.0,403.0,1.2456575682382134
instancias100a120,254.txt,200,50,502.0,402.0,1.2487562189054726
instancias100a120,255.txt,200,50,501.0,402.0,1.2462686567164178
instancias100a120,256.txt,200,50,502.0,402.0,1.2487562189054726
instancias100a120,257.txt,200,50,601.0,402.0,1.4950248756218905
instancias100a120,258.txt,200,50,601.0,402.0,1.4950248756218905
instancias100a120,259.txt,200,50,600.0,403.0,1.488833746898263
instancias100a120,260.txt,200,50,510.0,402.0,1.2686567164179106
instancias100a120,511.txt,500,10,5173.0,5076.0,1.0191095350669819
instancias100a120,512.txt,500,10,5201.0,5074.0,1.0250295624753647
instancias100a120,513.txt,500,10,5179.0,5080.0,1.019488188976378
instancias100a120,514.txt,500,10,5166.0,5080.0,1.0169291338582678
instancias100a120,515.txt,500,10,5279.0,5081.0,1.0389687069474514
instancias100a120,516.txt,500,10,5262.0,5074.0,1.0370516357903035
instancias100a120,517.txt,500,10,5357.0,5072.0,1.0561908517350158
instancias100a120,518.txt,500,10,5191.0,5072.0,1.02346214511041
instancias100a120,519.txt,500,10,5168.0,5074.0,1.0185258178951517
instancias100a120,520.txt,500,10,5379.0,5072.0,1.0605283911671923
instancias100a120,521.txt,500,20,2627.0,2517.0,1.0437028208184347
instancias100a120,522.txt,500,20,2615.0,2513.0,1.0405889375248707
instancias100a120,523.txt,500,20,2614.0,2516.0,1.0389507154213036
instancias100a120,524.txt,500,20,2617.0,2515.0,1.0405566600397613
instancias100a120,525.txt,500,20,2711.0,2516.0,1.0775039745627981
instancias100a120,526.txt,500,20,2715.0,2516.0,1.079093799682035
instancias100a120,527.txt,500,20,2618.0,2516.0,1.0405405405405406
instancias100a120,528.txt,500,20,2613.0,2514.0,1.0393794749403342
instancias100a120,529.txt,500,20,2614.0,2516.0,1.0389507154213036
instancias100a120,530.txt,500,20,2618.0,2517.0,1.0401271354787445
instancias100a120,531.txt,500,30,1712.0,1702.0,1.0058754406580495
instancias100a120,532.txt,500,30,1905.0,1702.0,1.1192714453584018
instancias100a120,533.txt,500,30,1712.0,1702.0,1.0058754406580495
instancias100a120,534.txt,500,30,1808.0,1702.0,1.062279670975323
instancias100a120,535.txt,500,30,1806.0,1702.0,1.0611045828437133
instancias100a120,536.txt,500,30,1805.0,1702.0,1.0605170387779084
instancias100a120,537.txt,500,30,1708.0,1703.0,1.0029359953024075
instancias100a120,538.txt,500,30,1809.0,1704.0,1.0616197183098592
instancias100a120,539.txt,500,30,1809.0,1702.0,1.062867215041128
instancias100a120,540.txt,500,30,1713.0,1705.0,1.004692082111437
instancias100a120,541.txt,500,40,1403.0,1302.0,1.077572964669739
instancias100a120,542.txt,500,40,1404.0,1302.0,1.0783410138248848
instancias100a120,543.txt,500,40,1305.0,1300.0,1.0038461538461538
instancias100a120,544.txt,500,40,1306.0,1300.0,1.0046153846153847
instancias100a120,545.txt,500,40,1404.0,1300.0,1.08
instancias100a120,546.txt,500,40,1305.0,1300.0,1.0038461538461538
instancias100a120,547.txt,500,40,1405.0,1303.0,1.0782808902532617
instancias100a120,548.txt,500,40,1503.0,1301.0,1.1552651806302845
instancias100a120,549.txt,500,40,1402.0,1302.0,1.076804915514593
instancias100a120,550.txt,500,40,1404.0,1303.0,1.0775134305448963
instancias100a120,551.txt,500,50,1102.0,1003.0,1.098703888334995
instancias100a120,552.txt,500,50,1103.0,1003.0,1.0997008973080757
instancias100a120,553.txt,500,50,1101.0,1003.0,1.0977068793619142
instancias100a120,554.txt,500,50,1102.0,1002.0,1.0998003992015968
instancias100a120,555.txt,500,50,1104.0,1003.0,1.1006979062811566
instancias100a120,556.txt,500,50,1102.0,1002.0,1.0998003992015968
instancias100a120,557.txt,500,50,1103.0,1002.0,1.1007984031936129
instancias100a120,558.txt,500,50,1105.0,1003.0,1.1016949152542372
instancias100a120,559.txt,500,50,1200.0,1003.0,1.1964107676969093
instancias100a120,560.txt,500,50,1101.0,1002.0,1.098802395209581
instancias100a200,1011.txt,1000,10,10991.0,10880.0,1.010202205882353
instancias100a200,1012.txt,1000,10,10856.0,10805.0,1.004720037019898
instancias100a200,1013.txt,1000,10,10974.0,10880.0,1.0086397058823529
instancias100a200,1014.txt,1000,10,10952.0,10861.0,1.008378602338643
instancias100a200,1015.txt,1000,10,11032.0,10867.0,1.0151835833256648
instancias100a200,1016.txt,1000,10,10959.0,10873.0,1.0079095005978111
instancias100a200,1017.txt,1000,10,10941.0,10845.0,1.0088520055325034
instancias100a200,1018.txt,1000,10,11099.0,10894.0,1.0188176978153112
instancias100a200,1019.txt,1000,10,10923.0,10841.0,1.0075638778710452
instancias100a200,1020.txt,1000,10,10984.0,10888.0,1.008817046289493
instancias100a200,1021.txt,1000,20,5315.0,5215.0,1.0191754554170662
instancias100a200,1022.txt,1000,20,5305.0,5222.0,1.0158942933741861
instancias100a200,1023.txt,1000,20,5292.0,5210.0,1.0157389635316698
instancias100a200,1024.txt,1000,20,5319.0,5221.0,1.0187703505075656
instancias100a200,1025.txt,1000,20,5341.0,5229.0,1.0214190093708166
instancias100a200,1026.txt,1000,20,5325.0,5222.0,1.0197242435848335
instancias100a200,1027.txt,1000,20,5316.0,5236.0,1.0152788388082505
instancias100a200,1028.txt,1000,20,5327.0,5229.0,1.0187416331994645
instancias100a200,1029.txt,1000,20,5400.0,5223.0,1.0338885697874785
instancias100a200,1030.txt,1000,20,5321.0,5214.0,1.0205216724204067
instancias100a200,1031.txt,1000,30,3591.0,3460.0,1.0378612716763005
instancias100a200,1032.txt,1000,30,3633.0,3467.0,1.047880011537352
instancias100a200,1033.txt,1000,30,3590.0,3462.0,1.0369728480647025
instancias100a200,1034.txt,1000,30,3514.0,3457.0,1.016488284639861
instancias100a200,1035.txt,1000,30,3507.0,3462.0,1.0129982668977469
instancias100a200,1036.txt,1000,30,3592.0,3462.0,1.0375505488157135
instancias100a200,1037.txt,1000,30,3529.0,3459.0,1.0202370627348945
instancias100a200,1038.txt,1000,30,3596.0,3454.0,1.0411117544875506
instancias100a200,1039.txt,1000,30,3713.0,3460.0,1.073121387283237
instancias100a200,1040.txt,1000,30,3578.0,3456.0,1.0353009259259258
instancias100a200,1041.txt,1000,40,2658.0,2552.0,1.04153605015674
instancias100a200,1042.txt,1000,40,2649.0,2551.0,1.0384163073304586
instancias100a200,1043.txt,1000,40,2651.0,2555.0,1.037573385518591
instancias100a200,1044.txt,1000,40,2653.0,2553.0,1.0391696043869958
instancias100a200,1045.txt,1000,40,2660.0,2555.0,1.0410958904109588
instancias100a200,1046.txt,1000,40,2656.0,2552.0,1.0407523510971788
instancias100a200,1047.txt,1000,40,2651.0,2555.0,1.037573385518591
instancias100a200,1048.txt,1000,40,2754.0,2553.0,1.0787309048178613
instancias100a200,1049.txt,1000,40,2752.0,2554.0,1.0775254502740799
instancias100a200,1050.txt,1000,40,2649.0,2552.0,1.0380094043887147
instancias100a200,1051.txt,1000,50,2218.0,2036.0,1.0893909626719056
instancias100a200,1052.txt,1000,50,2136.0,2033.0,1.0506640432857846
instancias100a200,1053.txt,1000,50,2134.0,2033.0,1.0496802754549925
instancias100a200,1054.txt,1000,50,2133.0,2034.0,1.0486725663716814
instancias100a200,1055.txt,1000,50,2130.0,2034.0,1.047197640117994
instancias100a200,1056.txt,1000,50,2133.0,2034.0,1.0486725663716814
instancias100a200,1057.txt,1000,50,2131.0,2035.0,1.047174447174447
instancias100a200,1058.txt,1000,50,2139.0,2054.0,1.0413826679649465
instancias100a200,1059.txt,1000,50,2135.0,2037.0,1.0481099656357389
instancias100a200,1060.txt,1000,50,2145.0,2035.0,1.054054054054054
instancias100a200,111.txt,100,10,1206.0,1111.0,1.0855085508550855
instancias100a200,112.txt,100,10,1174.0,1083.0,1.0840258541089567
instancias100a200,113.txt,100,10,1179.0,1094.0,1.0776965265082268
instancias100a200,114.txt,100,10,1184.0,1111.0,1.0657065706570656
instancias100a200,115.txt,100,10,1192.0,1100.0,1.0836363636363637
instancias100a200,116.txt,100,10,1181.0,1095.0,1.078538812785388
instancias100a200,117.txt,100,10,1217.0,1109.0,1.097385031559964
instancias100a200,118.txt,100,10,1234.0,1106.0,1.1157323688969258
instancias100a200,119.txt,100,10,1202.0,1108.0,1.0848375451263539
instancias100a200,120.txt,100,10,1213.0,1095.0,1.1077625570776255
instancias100a200,121.txt,100,20,738.0,529.0,1.3950850661625709
instancias100a200,122.txt,100,20,632.0,540.0,1.1703703703703703
instancias100a200,123.txt,100,20,643.0,529.0,1.2155009451795842
instancias100a200,124.txt,100,20,626.0,532.0,1.1766917293233083
instancias100a200,125.txt,100,20,634.0,541.0,1.1719038817005545
instancias100a200,126.txt,100,20,629.0,537.0,1.1713221601489758
instancias100a200,127.txt,100,20,730.0,533.0,1.3696060037523452
instancias100a200,128.txt,100,20,722.0,529.0,1.3648393194706994
instancias100a200,129.txt,100,20,624.0,536.0,1.164179104477612
instancias100a200,130.txt,100,20,638.0,530.0,1.2037735849056603
instancias100a200,131.txt,100,30,425.0,406.0,1.0467980295566504
instancias100a200,132.txt,100,30,624.0,408.0,1.5294117647058822
instancias100a200,133.txt,100,30,424.0,406.0,1.0443349753694582
instancias100a200,134.txt,100,30,507.0,408.0,1.2426470588235294
instancias100a200,135.txt,100,30,511.0,407.0,1.2555282555282554
instancias100a200,136.txt,100,30,438.0,406.0,1.0788177339901477
instancias100a200,137.txt,100,30,426.0,407.0,1.0466830466830468
instancias100a200,138.txt,100,30,448.0,404.0,1.108910891089109
instancias100a200,139.txt,100,30,518.0,405.0,1.2790123456790123
instancias100a200,140.txt,100,30,429.0,404.0,1.061881188118812
instancias100a200,141.txt,100,40,319.0,304.0,1.049342105263158
instancias100a200,142.txt,100,40,315.0,305.0,1.0327868852459017
instancias100a200,143.txt,100,40,319.0,305.0,1.0459016393442624
instancias100a200,144.txt,100,40,315.0,304.0,1.0361842105263157
instancias100a200,145.txt,100,40,317.0,304.0,1.042763157894737
instancias100a200,146.txt,100,40,317.0,305.0,1.039344262295082
instancias100a200,147.txt,100,40,315.0,305.0,1.0327868852459017
instancias100a200,148.txt,100,40,329.0,306.0,1.0751633986928104
instancias100a200,149.txt,100,40,317.0,305.0,1.039344262295082
instancias100a200,150.txt,100,40,313.0,303.0,1.033003300330033
instancias100a200,151.txt,100,50,313.0,208.0,1.5048076923076923
instancias100a200,152.txt,100,50,312.0,212.0,1.471698113207547
instancias100a200,153.txt,100,50,313.0,212.0,1.4764150943396226
instancias100a200,154.txt,100,50,308.0,210.0,1.4666666666666666
instancias100a200,155.txt,100,50,312.0,210.0,1.4857142857142858
instancias100a200,156.txt,100,50,308.0,210.0,1.4666666666666666
instancias100a200,157.txt,100,50,322.0,209.0,1.5406698564593302
instancias100a200,158.txt,100,50,317.0,211.0,1.5023696682464456
instancias100a200,159.txt,100,50,306.0,211.0,1.4502369668246446
instancias100a200,160.txt,100,50,318.0,209.0,1.5215311004784688
instancias100a200,211.txt,200,10,2475.0,2195.0,1.1275626423690206
instancias100a200,212.txt,200,10,2366.0,2189.0,1.0808588396528096
instancias100a200,213.txt,200,10,2327.0,2183.0,1.0659642693540998
instancias100a200,214.txt,200,10,2272.0,2177.0,1.0436380339917317
instancias100a200,215.txt,200,10,2306.0,2200.0,1.048181818181818
instancias100a200,216.txt,200,10,2268.0,2169.0,1.045643153526971
instancias100a200,217.txt,200,10,2296.0,2174.0,1.0561177552897885
instancias100a200,218.txt,200,10,2272.0,2181.0,1.041723979825768
instancias100a200,219.txt,200,10,2265.0,2180.0,1.0389908256880733
instancias100a200,220.txt,200,10,2287.0,2193.0,1.0428636570907432
instancias100a200,221.txt,200,20,1146.0,1050.0,1.0914285714285714
instancias100a200,222.txt,200,20,1256.0,1053.0,1.1927825261158596
instancias100a200,223.txt,200,20,1141.0,1046.0,1.0908221797323137
instancias100a200,224.txt,200,20,1157.0,1056.0,1.0956439393939394
instancias100a200,225.txt,200,20,1349.0,1049.0,1.2859866539561486
instancias100a200,226.txt,200,20,1151.0,1054.0,1.0920303605313093
instancias100a200,227.txt,200,20,1252.0,1052.0,1.1901140684410647
instancias100a200,228.txt,200,20,1146.0,1054.0,1.0872865275142316
instancias100a200,229.txt,200,20,1148.0,1054.0,1.0891840607210626
instancias100a200,230.txt,200,20,1146.0,1047.0,1.0945558739255015
instancias100a200,231.txt,200,30,738.0,728.0,1.0137362637362637
instancias100a200,232.txt,200,30,817.0,716.0,1.1410614525139664
instancias100a200,233.txt,200,30,821.0,716.0,1.1466480446927374
instancias100a200,234.txt,200,30,828.0,729.0,1.1358024691358024
instancias100a200,235.txt,200,30,740.0,713.0,1.0378681626928472
instancias100a200,236.txt,200,30,832.0,731.0,1.1381668946648427
instancias100a200,237.txt,200,30,820.0,731.0,1.121751025991792
instancias100a200,238.txt,200,30,733.0,716.0,1.0237430167597765
instancias100a200,239.txt,200,30,832.0,716.0,1.1620111731843576
instancias100a200,240.txt,200,30,921.0,717.0,1.284518828451883
instancias100a200,241.txt,200,40,615.0,515.0,1.1941747572815533
instancias100a200,242.txt,200,40,612.0,518.0,1.1814671814671815
instancias100a200,243.txt,200,40,613.0,514.0,1.1926070038910506
instancias100a200,244.txt,200,40,616.0,514.0,1.198443579766537
instancias100a200,245.txt,200,40,620.0,519.0,1.1946050096339114
instancias100a200,246.txt,200,40,616.0,517.0,1.1914893617021276
instancias100a200,247.txt,200,40,616.0,515.0,1.196116504854369
instancias100a200,248.txt,200,40,620.0,524.0,1.183206106870229
instancias100a200,249.txt,200,40,617.0,512.0,1.205078125
instancias100a200,250.txt,200,40,635.0,517.0,1.2282398452611218
instancias100a200,251.txt,200,50,514.0,411.0,1.2506082725060828
instancias100a200,252.txt,200,50,511.0,417.0,1.225419664268585
instancias100a200,253.txt,200,50,505.0,411.0,1.2287104622871046
instancias100a200,254.txt,200,50,512.0,411.0,1.245742092457421
instancias100a200,255.txt,200,50,511.0,413.0,1.2372881355932204
instancias100a200,256.txt,200,50,508.0,411.0,1.2360097323600974
instancias100a200,257.txt,200,50,607.0,413.0,1.4697336561743342
instancias100a200,258.txt,200,50,511.0,411.0,1.24330900243309
instancias100a200,259.txt,200,50,512.0,413.0,1.2397094430992737
instancias100a200,260.txt,200,50,515.0,412.0,1.25
instancias100a200,511.txt,500,10,5537.0,5456.0,1.0148460410557185
instancias100a200,512.txt,500,10,5503.0,5439.0,1.0117668689097261
instancias100a200,513.txt,500,10,5538.0,5455.0,1.0152153987167736
instancias100a200,514.txt,500,10,5546.0,5423.0,1.0226811727825926
instancias100a200,515.txt,500,10,5564.0,5456.0,1.0197947214076246
instancias100a200,516.txt,500,10,5616.0,5453.0,1.0298918026774253
instancias100a200,517.txt,500,10,5571.0,5414.0,1.0289988917620982
instancias100a200,518.txt,500,10,5510.0,5421.0,1.016417635122671
instancias100a200,519.txt,500,10,5525.0,5448.0,1.0141336270190895
instancias100a200,520.txt,500,10,5508.0,5437.0,1.013058672061799
instancias100a200,521.txt,500,20,2829.0,2613.0,1.0826636050516647
instancias100a200,522.txt,500,20,2791.0,2612.0,1.068529862174579
instancias100a200,523.txt,500,20,2716.0,2618.0,1.0374331550802138
instancias100a200,524.txt,500,20,2734.0,2618.0,1.0443086325439266
instancias100a200,525.txt,500,20,2715.0,2624.0,1.0346798780487805
instancias100a200,526.txt,500,20,2698.0,2613.0,1.032529659395331
instancias100a200,527.txt,500,20,2758.0,2610.0,1.0567049808429119
instancias100a200,528.txt,500,20,2712.0,2613.0,1.0378874856486797
instancias100a200,529.txt,500,20,2795.0,2618.0,1.0676088617265087
instancias100a200,530.txt,500,20,2807.0,2603.0,1.0783711102573954
instancias100a200,531.txt,500,30,1841.0,1738.0,1.0592635212888377
instancias100a200,532.txt,500,30,1769.0,1742.0,1.0154994259471872
instancias100a200,533.txt,500,30,1932.0,1744.0,1.1077981651376148
instancias100a200,534.txt,500,30,1786.0,1739.0,1.027027027027027
instancias100a200,535.txt,500,30,1790.0,1738.0,1.0299194476409665
instancias100a200,536.txt,500,30,1839.0,1736.0,1.0593317972350231
instancias100a200,537.txt,500,30,1764.0,1736.0,1.0161290322580645
instancias100a200,538.txt,500,30,1848.0,1738.0,1.0632911392405062
instancias100a200,539.txt,500,30,1776.0,1734.0,1.0242214532871972
instancias100a200,540.txt,500,30,1785.0,1740.0,1.0258620689655173
instancias100a200,541.txt,500,40,1339.0,1322.0,1.01285930408472
instancias100a200,542.txt,500,40,1413.0,1323.0,1.0680272108843538
instancias100a200,543.txt,500,40,1345.0,1316.0,1.0220364741641337
instancias100a200,544.txt,500,40,1425.0,1318.0,1.0811836115326252
instancias100a200,545.txt,500,40,1432.0,1320.0,1.084848484848485
instancias100a200,546.txt,500,40,1426.0,1318.0,1.0819423368740515
instancias100a200,547.txt,500,40,1419.0,1316.0,1.0782674772036474
instancias100a200,548.txt,500,40,1345.0,1324.0,1.0158610271903323
instancias100a200,549.txt,500,40,1354.0,1318.0,1.0273141122913505
instancias100a200,550.txt,500,40,1345.0,1318.0,1.020485584218513
instancias100a200,551.txt,500,50,1117.0,1019.0,1.0961727183513248
instancias100a200,552.txt,500,50,1118.0,1021.0,1.0950048971596473
instancias100a200,553.txt,500,50,1121.0,1019.0,1.100098135426889
instancias100a200,554.txt,500,50,1121.0,1020.0,1.0990196078431373
instancias100a200,555.txt,500,50,1117.0,1024.0,1.0908203125
instancias100a200,556.txt,500,50,1119.0,1021.0,1.0959843290891282
instancias100a200,557.txt,500,50,1117.0,1021.0,1.0940254652301664
instancias100a200,558.txt,500,50,1116.0,1020.0,1.0941176470588236
instancias100a200,559.txt,500,50,1118.0,1019.0,1.0971540726202158
instancias100a200,560.txt,500,50,1131.0,1020.0,1.1088235294117648
instanciasde10a100,1011.txt,1000,10,1807.0,1762.0,1.025539160045403
instanciasde10a100,1012.txt,1000,10,1764.0,1754.0,1.0057012542759407
instanciasde10a100,1013.txt,1000,10,1818.0,1782.0,1.02020202020202
instanciasde10a100,1014.txt,1000,10,1779.0,1761.0,1.010221465076661
instanciasde10a100,1015.txt,1000,10,1845.0,1814.0,1.0170893054024255
instanciasde10a100,1016.txt,1000,10,1828.0,1765.0,1.0356940509915014
instanciasde10a100,1017.txt,1000,10,1832.0,1804.0,1.0155210643015522
instanciasde10a100,1018.txt,1000,10,1833.0,1776.0,1.0320945945945945
instanciasde10a100,1019.txt,1000,10,1772.0,1742.0,1.0172215843857635
instanciasde10a100,1020.txt,1000,10,1786.0,1745.0,1.0234957020057307
instanciasde10a100,1021.txt,1000,20,717.0,704.0,1.0184659090909092
instanciasde10a100,1022.txt,1000,20,723.0,697.0,1.0373027259684362
instanciasde10a100,1023.txt,1000,20,728.0,696.0,1.0459770114942528
instanciasde10a100,1024.txt,1000,20,719.0,695.0,1.0345323741007195
instanciasde10a100,1025.txt,1000,20,709.0,690.0,1.027536231884058
instanciasde10a100,1026.txt,1000,20,725.0,690.0,1.0507246376811594
instanciasde10a100,1027.txt,1000,20,715.0,695.0,1.0287769784172662
instanciasde10a100,1028.txt,1000,20,707.0,692.0,1.0216763005780347
instanciasde10a100,1029.txt,1000,20,709.0,694.0,1.021613832853026
instanciasde10a100,1030.txt,1000,20,719.0,704.0,1.0213068181818181
instanciasde10a100,1031.txt,1000,30,437.0,424.0,1.0306603773584906
instanciasde10a100,1032.txt,1000,30,435.0,418.0,1.0406698564593302
instanciasde10a100,1033.txt,1000,30,430.0,419.0,1.026252983293556
instanciasde10a100,1034.txt,1000,30,447.0,421.0,1.0617577197149644
instanciasde10a100,1035.txt,1000,30,430.0,416.0,1.0336538461538463
instanciasde10a100,1036.txt,1000,30,443.0,424.0,1.044811320754717
instanciasde10a100,1037.txt,1000,30,441.0,422.0,1.0450236966824644
instanciasde10a100,1038.txt,1000,30,441.0,420.0,1.05
instanciasde10a100,1039.txt,1000,30,432.0,418.0,1.0334928229665072
instanciasde10a100,1040.txt,1000,30,432.0,420.0,1.0285714285714285
instanciasde10a100,1041.txt,1000,40,308.0,296.0,1.0405405405405406
instanciasde10a100,1042.txt,1000,40,315.0,295.0,1.0677966101694916
instanciasde10a100,1043.txt,1000,40,310.0,295.0,1.0508474576271187
instanciasde10a100,1044.txt,1000,40,316.0,297.0,1.063973063973064
instanciasde10a100,1045.txt,1000,40,316.0,300.0,1.0533333333333332
instanciasde10a100,1046.txt,1000,40,312.0,300.0,1.04
instanciasde10a100,1047.txt,1000,40,311.0,296.0,1.0506756756756757
instanciasde10a100,1048.txt,1000,40,308.0,294.0,1.0476190476190477
instanciasde10a100,1049.txt,1000,40,309.0,295.0,1.047457627118644
instanciasde10a100,1050.txt,1000,40,321.0,300.0,1.07
instanciasde10a100,1051.txt,1000,50,241.0,227.0,1.0616740088105727
instanciasde10a100,1052.txt,1000,50,248.0,228.0,1.087719298245614
instanciasde10a100,1053.txt,1000,50,250.0,229.0,1.091703056768559
instanciasde10a100,1054.txt,1000,50,245.0,230.0,1.065217391304348
instanciasde10a100,1055.txt,1000,50,242.0,230.0,1.0521739130434782
instanciasde10a100,1056.txt,1000,50,249.0,229.0,1.0873362445414847
instanciasde10a100,1057.txt,1000,50,250.0,230.0,1.0869565217391304
instanciasde10a100,1058.txt,1000,50,243.0,230.0,1.0565217391304347
instanciasde10a100,1059.txt,1000,50,249.0,230.0,1.0826086956521739
instanciasde10a100,1060.txt,1000,50,238.0,227.0,1.0484581497797356
instanciasde10a100,111.txt,100,10,234.0,198.0,1.1818181818181819
instanciasde10a100,112.txt,100,10,214.0,173.0,1.2369942196531791
instanciasde10a100,113.txt,100,10,208.0,183.0,1.1366120218579234
instanciasde10a100,114.txt,100,10,214.0,173.0,1.2369942196531791
instanciasde10a100,115.txt,100,10,204.0,180.0,1.1333333333333333
instanciasde10a100,116.txt,100,10,204.0,175.0,1.1657142857142857
instanciasde10a100,117.txt,100,10,187.0,175.0,1.0685714285714285
instanciasde10a100,118.txt,100,10,201.0,179.0,1.1229050279329609
instanciasde10a100,119.txt,100,10,191.0,171.0,1.1169590643274854
instanciasde10a100,120.txt,100,10,234.0,176.0,1.3295454545454546
instanciasde10a100,121.txt,100,20,84.0,71.0,1.1830985915492958
instanciasde10a100,122.txt,100,20,99.0,74.0,1.337837837837838
instanciasde10a100,123.txt,100,20,86.0,74.0,1.162162162162162
instanciasde10a100,124.txt,100,20,109.0,74.0,1.472972972972973
instanciasde10a100,125.txt,100,20,88.0,71.0,1.2394366197183098
instanciasde10a100,126.txt,100,20,99.0,79.0,1.2531645569620253
instanciasde10a100,127.txt,100,20,95.0,73.0,1.3013698630136987
instanciasde10a100,128.txt,100,20,108.0,75.0,1.44
instanciasde10a100,129.txt,100,20,85.0,74.0,1.1486486486486487
instanciasde10a100,130.txt,100,20,129.0,79.0,1.6329113924050633
instanciasde10a100,131.txt,100,30,62.0,47.0,1.3191489361702127
instanciasde10a100,132.txt,100,30,56.0,47.0,1.1914893617021276
instanciasde10a100,133.txt,100,30,63.0,47.0,1.3404255319148937
instanciasde10a100,134.txt,100,30,68.0,48.0,1.4166666666666667
instanciasde10a100,135.txt,100,30,61.0,45.0,1.3555555555555556
instanciasde10a100,136.txt,100,30,64.0,49.0,1.3061224489795917
instanciasde10a100,137.txt,100,30,58.0,47.0,1.2340425531914894
instanciasde10a100,138.txt,100,30,59.0,45.0,1.3111111111111111
instanciasde10a100,139.txt,100,30,55.0,46.0,1.1956521739130435
instanciasde10a100,140.txt,100,30,67.0,48.0,1.3958333333333333
instanciasde10a100,141.txt,100,40,48.0,34.0,1.411764705882353
instanciasde10a100,142.txt,100,40,45.0,35.0,1.2857142857142858
instanciasde10a100,143.txt,100,40,45.0,34.0,1.3235294117647058
instanciasde10a100,144.txt,100,40,49.0,34.0,1.4411764705882353
instanciasde10a100,145.txt,100,40,46.0,34.0,1.3529411764705883
instanciasde10a100,146.txt,100,40,54.0,36.0,1.5
instanciasde10a100,147.txt,100,40,49.0,34.0,1.4411764705882353
instanciasde10a100,148.txt,100,40,46.0,34.0,1.3529411764705883
instanciasde10a100,149.txt,100,40,43.0,34.0,1.2647058823529411
instanciasde10a100,150.txt,100,40,52.0,34.0,1.5294117647058822
instanciasde10a100,151.txt,100,50,37.0,28.0,1.3214285714285714
instanciasde10a100,152.txt,100,50,40.0,27.0,1.4814814814814814
instanciasde10a100,153.txt,100,50,36.0,28.0,1.2857142857142858
instanciasde10a100,154.txt,100,50,43.0,30.0,1.4333333333333333
instanciasde10a100,155.txt,100,50,45.0,30.0,1.5
instanciasde10a100,156.txt,100,50,46.0,30.0,1.5333333333333334
instanciasde10a100,157.txt,100,50,42.0,29.0,1.4482758620689655
instanciasde10a100,158.txt,100,50,39.0,30.0,1.3
instanciasde10a100,159.txt,100,50,37.0,30.0,1.2333333333333334
instanciasde10a100,160.txt,100,50,39.0,28.0,1.3928571428571428
instanciasde10a100,211.txt,200,10,385.0,358.0,1.0754189944134078
instanciasde10a100,212.txt,200,10,417.0,368.0,1.1331521739130435
instanciasde10a100,213.txt,200,10,414.0,361.0,1.146814404432133
instanciasde10a100,214.txt,200,10,401.0,372.0,1.0779569892473118
instanciasde10a100,215.txt,200,10,394.0,359.0,1.0974930362116992
instanciasde10a100,216.txt,200,10,402.0,376.0,1.0691489361702127
instanciasde10a100,217.txt,200,10,381.0,355.0,1.0732394366197182
instanciasde10a100,218.txt,200,10,380.0,359.0,1.0584958217270195
instanciasde10a100,219.txt,200,10,400.0,361.0,1.10803324099723
instanciasde10a100,220.txt,200,10,406.0,349.0,1.163323782234957
instanciasde10a100,221.txt,200,20,158.0,145.0,1.089655172413793
instanciasde10a100,222.txt,200,20,158.0,144.0,1.0972222222222223
instanciasde10a100,223.txt,200,20,172.0,144.0,1.1944444444444444
instanciasde10a100,224.txt,200,20,160.0,147.0,1.08843537414966
instanciasde10a100,225.txt,200,20,170.0,149.0,1.1409395973154361
instanciasde10a100,226.txt,200,20,163.0,144.0,1.1319444444444444
instanciasde10a100,227.txt,200,20,173.0,144.0,1.2013888888888888
instanciasde10a100,228.txt,200,20,171.0,141.0,1.2127659574468086
instanciasde10a100,229.txt,200,20,176.0,146.0,1.2054794520547945
instanciasde10a100,230.txt,200,20,186.0,147.0,1.2653061224489797
instanciasde10a100,231.txt,200,30,99.0,87.0,1.1379310344827587
instanciasde10a100,232.txt,200,30,100.0,87.0,1.1494252873563218
instanciasde10a100,233.txt,200,30,106.0,87.0,1.2183908045977012
instanciasde10a100,234.txt,200,30,107.0,89.0,1.202247191011236
instanciasde10a100,235.txt,200,30,102.0,90.0,1.1333333333333333
instanciasde10a100,236.txt,200,30,108.0,87.0,1.2413793103448276
instanciasde10a100,237.txt,200,30,103.0,87.0,1.1839080459770115
instanciasde10a100,238.txt,200,30,109.0,88.0,1.2386363636363635
instanciasde10a100,239.txt,200,30,102.0,88.0,1.1590909090909092
instanciasde10a100,240.txt,200,30,98.0,88.0,1.1136363636363635
instanciasde10a100,241.txt,200,40,78.0,65.0,1.2
instanciasde10a100,242.txt,200,40,72.0,63.0,1.1428571428571428
instanciasde10a100,243.txt,200,40,75.0,63.0,1.1904761904761905
instanciasde10a100,244.txt,200,40,79.0,64.0,1.234375
instanciasde10a100,245.txt,200,40,73.0,63.0,1.1587301587301588
instanciasde10a100,246.txt,200,40,79.0,65.0,1.2153846153846153
instanciasde10a100,247.txt,200,40,79.0,64.0,1.234375
instanciasde10a100,248.txt,200,40,79.0,64.0,1.234375
instanciasde10a100,249.txt,200,40,77.0,66.0,1.1666666666666667
instanciasde10a100,250.txt,200,40,76.0,61.0,1.2459016393442623
instanciasde10a100,251.txt,200,50,59.0,51.0,1.1568627450980393
instanciasde10a100,252.txt,200,50,60.0,50.0,1.2
instanciasde10a100,253.txt,200,50,61.0,50.0,1.22
instanciasde10a100,254.txt,200,50,61.0,51.0,1.196078431372549
instanciasde10a100,255.txt,200,50,57.0,50.0,1.14
instanciasde10a100,256.txt,200,50,68.0,51.0,1.3333333333333333
instanciasde10a100,257.txt,200,50,61.0,51.0,1.196078431372549
instanciasde10a100,258.txt,200,50,60.0,49.0,1.2244897959183674
instanciasde10a100,259.txt,200,50,60.0,51.0,1.1764705882352942
instanciasde10a100,260.txt,200,50,61.0,50.0,1.22
instanciasde10a100,511.txt,500,10,895.0,862.0,1.0382830626450117
instanciasde10a100,512.txt,500,10,911.0,876.0,1.0399543378995433
instanciasde10a100,513.txt,500,10,908.0,879.0,1.0329920364050056
instanciasde10a100,514.txt,500,10,898.0,884.0,1.0158371040723981
instanciasde10a100,515.txt,500,10,891.0,864.0,1.03125
instanciasde10a100,516.txt,500,10,960.0,901.0,1.065482796892342
instanciasde10a100,517.txt,500,10,947.0,895.0,1.0581005586592178
instanciasde10a100,518.txt,500,10,978.0,922.0,1.0607375271149675
instanciasde10a100,519.txt,500,10,968.0,916.0,1.056768558951965
instanciasde10a100,520.txt,500,10,935.0,893.0,1.0470324748040314
instanciasde10a100,521.txt,500,20,373.0,354.0,1.0536723163841808
instanciasde10a100,522.txt,500,20,365.0,346.0,1.0549132947976878
instanciasde10a100,523.txt,500,20,373.0,359.0,1.0389972144846797
instanciasde10a100,524.txt,500,20,376.0,351.0,1.0712250712250713
instanciasde10a100,525.txt,500,20,376.0,348.0,1.0804597701149425
instanciasde10a100,526.txt,500,20,378.0,354.0,1.0677966101694916
instanciasde10a100,527.txt,500,20,362.0,350.0,1.0342857142857143
instanciasde10a100,528.txt,500,20,370.0,350.0,1.0571428571428572
instanciasde10a100,529.txt,500,20,387.0,356.0,1.0870786516853932
instanciasde10a100,530.txt,500,20,380.0,355.0,1.0704225352112675
instanciasde10a100,531.txt,500,30,225.0,212.0,1.0613207547169812
instanciasde10a100,532.txt,500,30,226.0,209.0,1.0813397129186604
instanciasde10a100,533.txt,500,30,230.0,213.0,1.07981220657277
instanciasde10a100,534.txt,500,30,231.0,208.0,1.1105769230769231
instanciasde10a100,535.txt,500,30,219.0,209.0,1.0478468899521531
instanciasde10a100,536.txt,500,30,248.0,212.0,1.169811320754717
instanciasde10a100,537.txt,500,30,229.0,213.0,1.0751173708920188
instanciasde10a100,538.txt,500,30,242.0,214.0,1.1308411214953271
instanciasde10a100,539.txt,500,30,222.0,211.0,1.052132701421801
instanciasde10a100,540.txt,500,30,228.0,211.0,1.080568720379147
instanciasde10a100,541.txt,500,40,166.0,149.0,1.1140939597315436
instanciasde10a100,542.txt,500,40,172.0,150.0,1.1466666666666667
instanciasde10a100,543.txt,500,40,173.0,150.0,1.1533333333333333
instanciasde10a100,544.txt,500,40,164.0,149.0,1.1006711409395973
instanciasde10a100,545.txt,500,40,161.0,151.0,1.0662251655629138
instanciasde10a100,546.txt,500,40,162.0,150.0,1.08
instanciasde10a100,547.txt,500,40,168.0,152.0,1.105263157894737
instanciasde10a100,548.txt,500,40,162.0,153.0,1.0588235294117647
instanciasde10a100,549.txt,500,40,161.0,148.0,1.087837837837838
instanciasde10a100,550.txt,500,40,163.0,151.0,1.0794701986754967
instanciasde10a100,551.txt,500,50,134.0,116.0,1.1551724137931034
instanciasde10a100,552.txt,500,50,138.0,118.0,1.1694915254237288
instanciasde10a100,553.txt,500,50,132.0,117.0,1.1282051282051282
instanciasde10a100,554.txt,500,50,127.0,118.0,1.076271186440678
instanciasde10a100,555.txt,500,50,134.0,117.0,1.1452991452991452
instanciasde10a100,556.txt,500,50,131.0,117.0,1.1196581196581197
instanciasde10a100,557.txt,500,50,129.0,119.0,1.084033613445378
instanciasde10a100,558.txt,500,50,131.0,117.0,1.1196581196581197
instanciasde10a100,559.txt,500,50,125.0,116.0,1.0775862068965518
instanciasde10a100,560.txt,500,50,125.0,116.0,1.0775862068965518
Instanciasde1000a1100,1011.txt,1000,10,101740.0,100820.0,1.0091251735766713
Instanciasde1000a1100,1012.txt,1000,10,101723.0,100876.0,1.0083964471232008
Instanciasde1000a1100,1013.txt,1000,10,103759.0,100922.0,1.0281108182556826
Instanciasde1000a1100,1014.txt,1000,10,101848.0,100908.0,1.0093154160225155
Instanciasde1000a1100,1015.txt,1000,10,102874.0,100897.0,1.0195942396701587
Instanciasde1000a1100,1016.txt,1000,10,102766.0,100881.0,1.0186853817864612
Instanciasde1000a1100,1017.txt,1000,10,103782.0,100867.0,1.0288994418392536
Instanciasde1000a1100,1018.txt,1000,10,102061.0,100913.0,1.0113761358794209
Instanciasde1000a1100,1019.txt,1000,10,101912.0,100921.0,1.009819561835495
Instanciasde1000a1100,1020.txt,1000,10,101896.0,100894.0,1.0099312149384503
Instanciasde1000a1100,1021.txt,1000,20,51257.0,50231.0,1.0204256335728932
Instanciasde1000a1100,1022.txt,1000,20,52212.0,50229.0,1.039479185331183
Instanciasde1000a1100,1023.txt,1000,20,51278.0,50245.0,1.0205592596278237
Instanciasde1000a1100,1024.txt,1000,20,51198.0,50211.0,1.0196570472605604
Instanciasde1000a1100,1025.txt,1000,20,51214.0,50224.0,1.0197116916215354
Instanciasde1000a1100,1026.txt,1000,20,51212.0,50238.0,1.0193877144790795
Instanciasde1000a1100,1027.txt,1000,20,51221.0,50225.0,1.0198307615729219
Instanciasde1000a1100,1028.txt,1000,20,51224.0,50236.0,1.0196671709531013
Instanciasde1000a1100,1029.txt,1000,20,51205.0,50225.0,1.0195121951219512
Instanciasde1000a1100,1030.txt,1000,20,51210.0,50224.0,1.0196320484230648
Instanciasde1000a1100,1031.txt,1000,30,34138.0,34060.0,1.002290076335878
Instanciasde1000a1100,1032.txt,1000,30,34151.0,34056.0,1.0027895231383603
Instanciasde1000a1100,1033.txt,1000,30,35084.0,34061.0,1.0300343501365197
Instanciasde1000a1100,1034.txt,1000,30,34123.0,34059.0,1.0018790921635985
Instanciasde1000a1100,1035.txt,1000,30,34123.0,34068.0,1.0016144182223787
Instanciasde1000a1100,1036.txt,1000,30,34132.0,34052.0,1.0023493480559145
Instanciasde1000a1100,1037.txt,1000,30,34118.0,34060.0,1.0017028772753964
Instanciasde1000a1100,1038.txt,1000,30,34138.0,34059.0,1.002319504389442
Instanciasde1000a1100,1039.txt,1000,30,35094.0,34066.0,1.0301767157870017
Instanciasde1000a1100,1040.txt,1000,30,34137.0,34062.0,1.0022018671833715
Instanciasde1000a1100,1041.txt,1000,40,26060.0,25060.0,1.0399042298483638
Instanciasde1000a1100,1042.txt,1000,40,27051.0,25058.0,1.0795354776917552
Instanciasde1000a1100,1043.txt,1000,40,26055.0,25058.0,1.0397876925532763
Instanciasde1000a1100,1044.txt,1000,40,27048.0,25058.0,1.079415755447362
Instanciasde1000a1100,1045.txt,1000,40,26057.0,25056.0,1.0399505108556832
Instanciasde1000a1100,1046.txt,1000,40,26055.0,25058.0,1.0397876925532763
Instanciasde1000a1100,1047.txt,1000,40,26056.0,25060.0,1.0397446129289705
Instanciasde1000a1100,1048.txt,1000,40,26063.0,25060.0,1.040023942537909
Instanciasde1000a1100,1049.txt,1000,40,27084.0,25067.0,1.0804643555271871
Instanciasde1000a1100,1050.txt,1000,40,26060.0,25059.0,1.039945728081727
Instanciasde1000a1100,1051.txt,1000,50,21049.0,20040.0,1.0503493013972056
Instanciasde1000a1100,1052.txt,1000,50,22029.0,20035.0,1.0995258297978538
Instanciasde1000a1100,1053.txt,1000,50,21041.0,20039.0,1.0500024951344877
Instanciasde1000a1100,1054.txt,1000,50,22039.0,20038.0,1.0998602654955585
Instanciasde1000a1100,1055.txt,1000,50,21036.0,20038.0,1.049805369797385
Instanciasde1000a1100,1056.txt,1000,50,21033.0,20044.0,1.0493414488126123
Instanciasde1000a1100,1057.txt,1000,50,21040.0,20035.0,1.050162216121787
Instanciasde1000a1100,1058.txt,1000,50,21031.0,20040.0,1.0494510978043912
Instanciasde1000a1100,1059.txt,1000,50,21035.0,20041.0,1.0495983234369541
Instanciasde1000a1100,1060.txt,1000,50,21034.0,20037.0,1.0497579477965764
Instanciasde1000a1100,111.txt,100,10,11096.0,10092.0,1.0994847403884265
Instanciasde1000a1100,112.txt,100,10,11083.0,10078.0,1.0997221670966462
Instanciasde1000a1100,113.txt,100,10,12081.0,10108.0,1.1951919271863871
Instanciasde1000a1100,114.txt,100,10,12108.0,10112.0,1.1973892405063291
Instanciasde1000a1100,115.txt,100,10,12141.0,10105.0,1.2014844136566056
Instanciasde1000a1100,116.txt,100,10,11101.0,10102.0,1.0988913086517522
Instanciasde1000a1100,117.txt,100,10,11098.0,10121.0,1.0965319632447386
Instanciasde1000a1100,118.txt,100,10,11086.0,10110.0,1.096538081107814
Instanciasde1000a1100,119.txt,100,10,12101.0,10097.0,1.198474794493414
Instanciasde1000a1100,120.txt,100,10,11073.0,10097.0,1.0966623749628603
Instanciasde1000a1100,121.txt,100,20,6029.0,5028.0,1.199085123309467
Instanciasde1000a1100,122.txt,100,20,6071.0,5038.0,1.205041683207622
Instanciasde1000a1100,123.txt,100,20,7032.0,5036.0,1.3963463065925337
Instanciasde1000a1100,124.txt,100,20,6031.0,5037.0,1.197339686321223
Instanciasde1000a1100,125.txt,100,20,6045.0,5037.0,1.2001191185229303
Instanciasde1000a1100,126.txt,100,20,6019.0,5035.0,1.1954319761668322
Instanciasde1000a1100,127.txt,100,20,6035.0,5035.0,1.198609731876862
Instanciasde1000a1100,128.txt,100,20,7036.0,5036.0,1.3971405877680698
Instanciasde1000a1100,129.txt,100,20,6038.0,5035.0,1.1992055610724925
Instanciasde1000a1100,130.txt,100,20,7031.0,5033.0,1.3969799324458574
Instanciasde1000a1100,131.txt,100,30,4029.0,4008.0,1.0052395209580838
Instanciasde1000a1100,132.txt,100,30,4031.0,4006.0,1.0062406390414378
Instanciasde1000a1100,133.txt,100,30,4026.0,4006.0,1.0049925112331504
Instanciasde1000a1100,134.txt,100,30,4023.0,4007.0,1.0039930122286
Instanciasde1000a1100,135.txt,100,30,4018.0,4006.0,1.0029955067398901
Instanciasde1000a1100,136.txt,100,30,4019.0,4007.0,1.0029947591714499
Instanciasde1000a1100,137.txt,100,30,4029.0,4007.0,1.005490391814325
Instanciasde1000a1100,138.txt,100,30,4033.0,4010.0,1.0057356608478802
Instanciasde1000a1100,139.txt,100,30,5015.0,4008.0,1.25124750499002
Instanciasde1000a1100,140.txt,100,30,4025.0,4007.0,1.004492138757175
Instanciasde1000a1100,141.txt,100,40,3025.0,3005.0,1.0066555740432612
Instanciasde1000a1100,142.txt,100,40,3027.0,3006.0,1.0069860279441119
Instanciasde1000a1100,143.txt,100,40,3037.0,3005.0,1.010648918469218
Instanciasde1000a1100,144.txt,100,40,3018.0,3005.0,1.0043261231281198
Instanciasde1000a1100,145.txt,100,40,3017.0,3006.0,1.0036593479707252
Instanciasde1000a1100,146.txt,100,40,4000.0,3005.0,1.3311148086522462
Instanciasde1000a1100,147.txt,100,40,3019.0,3004.0,1.004993342210386
Instanciasde1000a1100,148.txt,100,40,3025.0,3005.0,1.0066555740432612
Instanciasde1000a1100,149.txt,100,40,3016.0,3005.0,1.0036605657237936
Instanciasde1000a1100,150.txt,100,40,3019.0,3005.0,1.004658901830283
Instanciasde1000a1100,151.txt,100,50,3007.0,2013.0,1.4937903626428217
Instanciasde1000a1100,152.txt,100,50,3037.0,2010.0,1.5109452736318407
Instanciasde1000a1100,153.txt,100,50,3011.0,2012.0,1.496520874751491
Instanciasde1000a1100,154.txt,100,50,4005.0,2026.0,1.9768015794669298
Instanciasde1000a1100,155.txt,100,50,3007.0,2010.0,1.4960199004975125
Instanciasde1000a1100,156.txt,100,50,3008.0,2014.0,1.493545183714002
Instanciasde1000a1100,157.txt,100,50,3011.0,2009.0,1.498755599800896
Instanciasde1000a1100,158.txt,100,50,3011.0,2011.0,1.4972650422675287
Instanciasde1000a1100,159.txt,100,50,3011.0,2015.0,1.4942928039702232
Instanciasde1000a1100,160.txt,100,50,3010.0,2012.0,1.4960238568588469
Instanciasde1000a1100,211.txt,200,10,21162.0,20193.0,1.0479869261625316
Instanciasde1000a1100,212.txt,200,10,21172.0,20182.0,1.0490536121296206
Instanciasde1000a1100,213.txt,200,10,22225.0,20177.0,1.1015017098676712
Instanciasde1000a1100,214.txt,200,10,22154.0,20188.0,1.097384584901922
Instanciasde1000a1100,215.txt,200,10,21174.0,20182.0,1.0491527103359428
Instanciasde1000a1100,216.txt,200,10,21261.0,20197.0,1.052681091251176
Instanciasde1000a1100,217.txt,200,10,21242.0,20191.0,1.052052894854143
Instanciasde1000a1100,218.txt,200,10,22170.0,20195.0,1.0977964842782868
Instanciasde1000a1100,219.txt,200,10,21196.0,20177.0,1.0505030480249788
Instanciasde1000a1100,220.txt,200,10,21169.0,20179.0,1.0490609049011348
Instanciasde1000a1100,221.txt,200,20,11064.0,10056.0,1.100238663484487
Instanciasde1000a1100,222.txt,200,20,11054.0,10050.0,1.0999004975124378
Instanciasde1000a1100,223.txt,200,20,11057.0,10050.0,1.1001990049751245
Instanciasde1000a1100,224.txt,200,20,11053.0,10055.0,1.0992541024365987
Instanciasde1000a1100,225.txt,200,20,11060.0,10052.0,1.1002785515320335
Instanciasde1000a1100,226.txt,200,20,11051.0,10054.0,1.0991645116371593
Instanciasde1000a1100,227.txt,200,20,11062.0,10058.0,1.0998210379797175
Instanciasde1000a1100,228.txt,200,20,11045.0,10051.0,1.0988956322753956
Instanciasde1000a1100,229.txt,200,20,11043.0,10055.0,1.0982595723520636
Instanciasde1000a1100,230.txt,200,20,12025.0,10048.0,1.1967555732484076
Instanciasde1000a1100,231.txt,200,30,8015.0,7034.0,1.1394654535115154
Instanciasde1000a1100,232.txt,200,30,8012.0,7025.0,1.1404982206405694
Instanciasde1000a1100,233.txt,200,30,7032.0,7020.0,1.0017094017094017
Instanciasde1000a1100,234.txt,200,30,8035.0,7032.0,1.1426336746302617
Instanciasde1000a1100,235.txt,200,30,8021.0,7039.0,1.1395084529052422
Instanciasde1000a1100,236.txt,200,30,8022.0,7019.0,1.1428978486963954
Instanciasde1000a1100,237.txt,200,30,7043.0,7031.0,1.0017067273503057
Instanciasde1000a1100,238.txt,200,30,7030.0,7020.0,1.0014245014245013
Instanciasde1000a1100,239.txt,200,30,8031.0,7038.0,1.1410912190963343
Instanciasde1000a1100,240.txt,200,30,8042.0,7018.0,1.145910515816472
Instanciasde1000a1100,241.txt,200,40,6020.0,5016.0,1.2001594896331738
Instanciasde1000a1100,242.txt,200,40,7012.0,5019.0,1.3970910539948196
Instanciasde1000a1100,243.txt,200,40,6013.0,5018.0,1.1982861697887606
Instanciasde1000a1100,244.txt,200,40,6020.0,5033.0,1.196105702364395
Instanciasde1000a1100,245.txt,200,40,7010.0,5014.0,1.39808536098923
Instanciasde1000a1100,246.txt,200,40,6016.0,5020.0,1.198406374501992
Instanciasde1000a1100,247.txt,200,40,6015.0,5028.0,1.1963007159904535
Instanciasde1000a1100,248.txt,200,40,6024.0,5018.0,1.2004782781984855
Instanciasde1000a1100,249.txt,200,40,7017.0,5016.0,1.3989234449760766
Instanciasde1000a1100,250.txt,200,40,6019.0,5017.0,1.1997209487741678
Instanciasde1000a1100,251.txt,200,50,5012.0,4012.0,1.2492522432701894
Instanciasde1000a1100,252.txt,200,50,5010.0,4015.0,1.2478206724782068
Instanciasde1000a1100,253.txt,200,50,5008.0,4015.0,1.2473225404732253
Instanciasde1000a1100,254.txt,200,50,5009.0,4012.0,1.248504486540379
Instanciasde1000a1100,255.txt,200,50,5010.0,4014.0,1.2481315396113601
Instanciasde1000a1100,256.txt,200,50,5013.0,4013.0,1.24919013207077
Instanciasde1000a1100,257.txt,200,50,5011.0,4012.0,1.2490029910269191
Instanciasde1000a1100,258.txt,200,50,5047.0,4012.0,1.257976071784646
Instanciasde1000a1100,259.txt,200,50,5012.0,4013.0,1.2489409419386992
Instanciasde1000a1100,260.txt,200,50,5012.0,4015.0,1.248318804483188
Instanciasde1000a1100,511.txt,500,10,51421.0,50431.0,1.0196307826535267
Instanciasde1000a1100,512.txt,500,10,51413.0,50438.0,1.019330663388715
Instanciasde1000a1100,513.txt,500,10,51419.0,50440.0,1.0194091990483742
Instanciasde1000a1100,514.txt,500,10,52444.0,50466.0,1.0391947053461736
Instanciasde1000a1100,515.txt,500,10,51378.0,50415.0,1.0191014578994346
Instanciasde1000a1100,516.txt,500,10,51526.0,50459.0,1.0211458808141263
Instanciasde1000a1100,517.txt,500,10,52517.0,50420.0,1.041590638635462
Instanciasde1000a1100,518.txt,500,10,51322.0,50407.0,1.018152240760212
Instanciasde1000a1100,519.txt,500,10,52435.0,50437.0,1.0396137756012451
Instanciasde1000a1100,520.txt,500,10,51466.0,50442.0,1.0203005431981285
Instanciasde1000a1100,521.txt,500,20,27091.0,25116.0,1.078635132982959
Instanciasde1000a1100,522.txt,500,20,26109.0,25113.0,1.0396607334846495
Instanciasde1000a1100,523.txt,500,20,27125.0,25116.0,1.079988851727982
Instanciasde1000a1100,524.txt,500,20,26138.0,25126.0,1.0402770039003422
Instanciasde1000a1100,525.txt,500,20,26110.0,25115.0,1.0396177583117658
Instanciasde1000a1100,526.txt,500,20,26116.0,25121.0,1.0396082958480952
Instanciasde1000a1100,527.txt,500,20,27125.0,25115.0,1.0800318534740194
Instanciasde1000a1100,528.txt,500,20,26119.0,25120.0,1.0397691082802547
Instanciasde1000a1100,529.txt,500,20,27120.0,25121.0,1.0795748576887862
Instanciasde1000a1100,530.txt,500,20,27139.0,25120.0,1.080374203821656
Instanciasde1000a1100,531.txt,500,30,17091.0,17041.0,1.0029341001114958
Instanciasde1000a1100,532.txt,500,30,17075.0,17044.0,1.0018188218728
Instanciasde1000a1100,533.txt,500,30,18047.0,17043.0,1.0589098163468873
Instanciasde1000a1100,534.txt,500,30,17078.0,17046.0,1.001877273260589
Instanciasde1000a1100,535.txt,500,30,17083.0,17046.0,1.002170597207556
Instanciasde1000a1100,536.txt,500,30,18093.0,17051.0,1.0611107852911852
Instanciasde1000a1100,537.txt,500,30,18066.0,17047.0,1.0597759136504956
Instanciasde1000a1100,538.txt,500,30,17085.0,17049.0,1.0021115607953546
Instanciasde1000a1100,539.txt,500,30,17076.0,17044.0,1.0018774935461159
Instanciasde1000a1100,540.txt,500,30,17083.0,17050.0,1.0019354838709678
Instanciasde1000a1100,541.txt,500,40,13040.0,13018.0,1.0016899677369795
Instanciasde1000a1100,542.txt,500,40,13051.0,13026.0,1.0019192384461846
Instanciasde1000a1100,543.txt,500,40,14051.0,13024.0,1.0788544226044225
Instanciasde1000a1100,544.txt,500,40,14035.0,13026.0,1.0774604636880085
Instanciasde1000a1100,545.txt,500,40,13050.0,13024.0,1.0019963144963144
Instanciasde1000a1100,546.txt,500,40,14025.0,13018.0,1.0773544323244737
Instanciasde1000a1100,547.txt,500,40,13046.0,13022.0,1.001843034864076
Instanciasde1000a1100,548.txt,500,40,14057.0,13018.0,1.079812567214626
Instanciasde1000a1100,549.txt,500,40,14029.0,13020.0,1.0774961597542243
Instanciasde1000a1100,550.txt,500,40,13040.0,13021.0,1.0014591813224791
Instanciasde1000a1100,551.txt,500,50,11031.0,10024.0,1.1004588986432562
Instanciasde1000a1100,552.txt,500,50,11019.0,10025.0,1.099152119700748
Instanciasde1000a1100,553.txt,500,50,11027.0,10024.0,1.1000598563447725
Instanciasde1000a1100,554.txt,500,50,11018.0,10020.0,1.0996007984031937
Instanciasde1000a1100,555.txt,500,50,12017.0,10020.0,1.1993013972055888
Instanciasde1000a1100,556.txt,500,50,11017.0,10022.0,1.0992815805228497
Instanciasde1000a1100,557.txt,500,50,11017.0,10023.0,1.0991719046193755
Instanciasde1000a1100,558.txt,500,50,12004.0,10022.0,1.1977649171821991
Instanciasde1000a1100,559.txt,500,50,11024.0,10021.0,1.1000898113960682
Instanciasde1000a1100,560.txt,500,50,11018.0,10025.0,1.0990523690773066
JobsCorre,1011.txt,1000,10,5561.0,5485.0,1.0138559708295352
JobsCorre,1012.txt,1000,10,5507.0,5291.0,1.0408240408240408
JobsCorre,1013.txt,1000,10,5283.0,5223.0,1.0114876507754165
JobsCorre,1014.txt,1000,10,5459.0,5401.0,1.0107387520829476
JobsCorre,1015.txt,1000,10,5356.0,5257.0,1.0188320334791707
JobsCorre,1016.txt,1000,10,5414.0,5339.0,1.0140475744521447
JobsCorre,1017.txt,1000,10,5347.0,5208.0,1.026689708141321
JobsCorre,1018.txt,1000,10,5408.0,5336.0,1.0134932533733134
JobsCorre,1019.txt,1000,10,5325.0,5237.0,1.0168035134619056
JobsCorre,1020.txt,1000,10,5277.0,5146.0,1.025456665371162
JobsCorre,1021.txt,1000,20,2695.0,2604.0,1.0349462365591398
JobsCorre,1022.txt,1000,20,2650.0,2581.0,1.0267338240991863
JobsCorre,1023.txt,1000,20,2628.0,2523.0,1.0416171224732462
JobsCorre,1024.txt,1000,20,2691.0,2622.0,1.0263157894736843
JobsCorre,1025.txt,1000,20,2637.0,2555.0,1.0320939334637964
JobsCorre,1026.txt,1000,20,2672.0,2608.0,1.0245398773006136
JobsCorre,1027.txt,1000,20,2728.0,2659.0,1.0259496051147048
JobsCorre,1028.txt,1000,20,2694.0,2577.0,1.0454016298020954
JobsCorre,1029.txt,1000,20,2695.0,2615.0,1.0305927342256214
JobsCorre,1030.txt,1000,20,2647.0,2535.0,1.044181459566075
JobsCorre,1031.txt,1000,30,1896.0,1734.0,1.0934256055363323
JobsCorre,1032.txt,1000,30,1899.0,1744.0,1.088876146788991
JobsCorre,1033.txt,1000,30,1814.0,1695.0,1.0702064896755161
JobsCorre,1034.txt,1000,30,1826.0,1735.0,1.052449567723343
JobsCorre,1035.txt,1000,30,1769.0,1712.0,1.0332943925233644
JobsCorre,1036.txt,1000,30,1760.0,1707.0,1.0310486233157587
JobsCorre,1037.txt,1000,30,1763.0,1697.0,1.0388921626399528
JobsCorre,1038.txt,1000,30,1915.0,1761.0,1.087450312322544
JobsCorre,1039.txt,1000,30,1838.0,1717.0,1.0704717530576586
JobsCorre,1040.txt,1000,30,1814.0,1715.0,1.0577259475218659
JobsCorre,1041.txt,1000,40,1418.0,1332.0,1.0645645645645645
JobsCorre,1042.txt,1000,40,1557.0,1336.0,1.1654191616766467
JobsCorre,1043.txt,1000,40,1382.0,1261.0,1.0959555908009517
JobsCorre,1044.txt,1000,40,1402.0,1334.0,1.050974512743628
JobsCorre,1045.txt,1000,40,1386.0,1269.0,1.0921985815602837
JobsCorre,1046.txt,1000,40,1337.0,1248.0,1.0713141025641026
JobsCorre,1047.txt,1000,40,1386.0,1316.0,1.053191489361702
JobsCorre,1048.txt,1000,40,1388.0,1318.0,1.0531107738998482
JobsCorre,1049.txt,1000,40,1371.0,1314.0,1.04337899543379
JobsCorre,1050.txt,1000,40,1356.0,1288.0,1.0527950310559007
JobsCorre,1051.txt,1000,50,1095.0,1024.0,1.0693359375
JobsCorre,1052.txt,1000,50,1132.0,1032.0,1.0968992248062015
JobsCorre,1053.txt,1000,50,1164.0,1032.0,1.127906976744186
JobsCorre,1054.txt,1000,50,1116.0,1002.0,1.1137724550898203
JobsCorre,1055.txt,1000,50,1120.0,1019.0,1.099116781157998
JobsCorre,1056.txt,1000,50,1102.0,1025.0,1.0751219512195123
JobsCorre,1057.txt,1000,50,1119.0,1063.0,1.052681091251176
JobsCorre,1058.txt,1000,50,1153.0,1029.0,1.120505344995141
JobsCorre,1059.txt,1000,50,1116.0,1050.0,1.062857142857143
JobsCorre,1060.txt,1000,50,1134.0,1031.0,1.0999030067895248
JobsCorre,111.txt,100,10,605.0,505.0,1.198019801980198
JobsCorre,112.txt,100,10,593.0,516.0,1.1492248062015504
JobsCorre,113.txt,100,10,622.0,554.0,1.1227436823104693
JobsCorre,114.txt,100,10,624.0,553.0,1.1283905967450272
JobsCorre,115.txt,100,10,648.0,562.0,1.1530249110320285
JobsCorre,116.txt,100,10,610.0,508.0,1.2007874015748032
JobsCorre,117.txt,100,10,579.0,506.0,1.1442687747035574
JobsCorre,118.txt,100,10,581.0,508.0,1.1437007874015748
JobsCorre,119.txt,100,10,626.0,529.0,1.1833648393194707
JobsCorre,120.txt,100,10,557.0,490.0,1.136734693877551
JobsCorre,121.txt,100,20,320.0,258.0,1.2403100775193798
JobsCorre,122.txt,100,20,331.0,258.0,1.2829457364341086
JobsCorre,123.txt,100,20,331.0,272.0,1.2169117647058822
JobsCorre,124.txt,100,20,364.0,292.0,1.2465753424657535
JobsCorre,125.txt,100,20,416.0,287.0,1.4494773519163764
JobsCorre,126.txt,100,20,330.0,263.0,1.2547528517110267
JobsCorre,127.txt,100,20,345.0,272.0,1.2683823529411764
JobsCorre,128.txt,100,20,347.0,286.0,1.2132867132867133
JobsCorre,129.txt,100,20,334.0,272.0,1.2279411764705883
JobsCorre,130.txt,100,20,285.0,234.0,1.2179487179487178
JobsCorre,131.txt,100,30,235.0,179.0,1.312849162011173
JobsCorre,132.txt,100,30,247.0,176.0,1.4034090909090908
JobsCorre,133.txt,100,30,268.0,184.0,1.4565217391304348
JobsCorre,134.txt,100,30,247.0,175.0,1.4114285714285715
JobsCorre,135.txt,100,30,220.0,170.0,1.2941176470588236
JobsCorre,136.txt,100,30,227.0,165.0,1.3757575757575757
JobsCorre,137.txt,100,30,263.0,173.0,1.5202312138728324
JobsCorre,138.txt,100,30,249.0,171.0,1.456140350877193
JobsCorre,139.txt,100,30,269.0,187.0,1.4385026737967914
JobsCorre,140.txt,100,30,256.0,182.0,1.4065934065934067
JobsCorre,141.txt,100,40,224.0,147.0,1.5238095238095237
JobsCorre,142.txt,100,40,192.0,132.0,1.4545454545454546
JobsCorre,143.txt,100,40,225.0,153.0,1.4705882352941178
JobsCorre,144.txt,100,40,211.0,142.0,1.4859154929577465
JobsCorre,145.txt,100,40,205.0,142.0,1.443661971830986
JobsCorre,146.txt,100,40,214.0,144.0,1.4861111111111112
JobsCorre,147.txt,100,40,210.0,126.0,1.6666666666666667
JobsCorre,148.txt,100,40,209.0,140.0,1.4928571428571429
JobsCorre,149.txt,100,40,215.0,128.0,1.6796875
JobsCorre,150.txt,100,40,219.0,135.0,1.6222222222222222
JobsCorre,151.txt,100,50,199.0,104.0,1.9134615384615385
JobsCorre,152.txt,100,50,192.0,113.0,1.6991150442477876
JobsCorre,153.txt,100,50,195.0,118.0,1.652542372881356
JobsCorre,154.txt,100,50,179.0,116.0,1.543103448275862
JobsCorre,155.txt,100,50,183.0,105.0,1.7428571428571429
JobsCorre,156.txt,100,50,200.0,115.0,1.7391304347826086
JobsCorre,157.txt,100,50,200.0,127.0,1.5748031496062993
JobsCorre,158.txt,100,50,197.0,116.0,1.6982758620689655
JobsCorre,159.txt,100,50,187.0,109.0,1.7155963302752293
JobsCorre,160.txt,100,50,194.0,106.0,1.830188679245283
JobsCorre,211.txt,200,10,1215.0,1121.0,1.0838537020517396
JobsCorre,212.txt,200,10,1137.0,1063.0,1.0696142991533395
JobsCorre,213.txt,200,10,1331.0,1095.0,1.2155251141552512
JobsCorre,214.txt,200,10,1240.0,1100.0,1.1272727272727272
JobsCorre,215.txt,200,10,1090.0,1014.0,1.0749506903353057
JobsCorre,216.txt,200,10,1166.0,1071.0,1.0887021475256768
JobsCorre,217.txt,200,10,1098.0,970.0,1.131958762886598
JobsCorre,218.txt,200,10,1168.0,1104.0,1.0579710144927537
JobsCorre,219.txt,200,10,1187.0,1039.0,1.1424446583253127
JobsCorre,220.txt,200,10,1139.0,1087.0,1.0478380864765409
JobsCorre,221.txt,200,20,586.0,515.0,1.137864077669903
JobsCorre,222.txt,200,20,616.0,518.0,1.1891891891891893
JobsCorre,223.txt,200,20,640.0,560.0,1.1428571428571428
JobsCorre,224.txt,200,20,652.0,569.0,1.1458699472759226
JobsCorre,225.txt,200,20,643.0,560.0,1.1482142857142856
JobsCorre,226.txt,200,20,590.0,534.0,1.104868913857678
JobsCorre,227.txt,200,20,618.0,510.0,1.2117647058823529
JobsCorre,228.txt,200,20,615.0,525.0,1.1714285714285715
JobsCorre,229.txt,200,20,649.0,502.0,1.292828685258964
JobsCorre,230.txt,200,20,598.0,524.0,1.1412213740458015
JobsCorre,231.txt,200,30,494.0,353.0,1.3994334277620397
JobsCorre,232.txt,200,30,436.0,355.0,1.228169014084507
JobsCorre,233.txt,200,30,405.0,337.0,1.2017804154302671
JobsCorre,234.txt,200,30,503.0,357.0,1.4089635854341738
JobsCorre,235.txt,200,30,461.0,320.0,1.440625
JobsCorre,236.txt,200,30,408.0,348.0,1.1724137931034482
JobsCorre,237.txt,200,30,447.0,360.0,1.2416666666666667
JobsCorre,238.txt,200,30,419.0,358.0,1.170391061452514
JobsCorre,239.txt,200,30,433.0,348.0,1.2442528735632183
JobsCorre,240.txt,200,30,488.0,341.0,1.4310850439882699
JobsCorre,241.txt,200,40,327.0,251.0,1.302788844621514
JobsCorre,242.txt,200,40,362.0,262.0,1.381679389312977
JobsCorre,243.txt,200,40,373.0,258.0,1.445736434108527
JobsCorre,244.txt,200,40,462.0,267.0,1.7303370786516854
JobsCorre,245.txt,200,40,348.0,264.0,1.3181818181818181
JobsCorre,246.txt,200,40,350.0,266.0,1.3157894736842106
JobsCorre,247.txt,200,40,342.0,272.0,1.2573529411764706
JobsCorre,248.txt,200,40,318.0,251.0,1.2669322709163346
JobsCorre,249.txt,200,40,339.0,259.0,1.308880308880309
JobsCorre,250.txt,200,40,320.0,242.0,1.322314049586777
JobsCorre,251.txt,200,50,295.0,225.0,1.3111111111111111
JobsCorre,252.txt,200,50,282.0,213.0,1.323943661971831
JobsCorre,253.txt,200,50,307.0,218.0,1.408256880733945
JobsCorre,254.txt,200,50,284.0,214.0,1.3271028037383177
JobsCorre,255.txt,200,50,268.0,203.0,1.3201970443349753
JobsCorre,256.txt,200,50,252.0,194.0,1.2989690721649485
JobsCorre,257.txt,200,50,295.0,225.0,1.3111111111111111
JobsCorre,258.txt,200,50,282.0,208.0,1.3557692307692308
JobsCorre,259.txt,200,50,270.0,205.0,1.3170731707317074
JobsCorre,260.txt,200,50,293.0,228.0,1.2850877192982457
JobsCorre,511.txt,500,10,2772.0,2602.0,1.0653343581860109
JobsCorre,512.txt,500,10,2724.0,2643.0,1.0306469920544836
JobsCorre,513.txt,500,10,2834.0,2680.0,1.0574626865671641
JobsCorre,514.txt,500,10,2876.0,2753.0,1.0446785325099892
JobsCorre,515.txt,500,10,2744.0,2597.0,1.0566037735849056
JobsCorre,516.txt,500,10,2656.0,2612.0,1.0168453292496171
JobsCorre,517.txt,500,10,2589.0,2522.0,1.0265662172878667
JobsCorre,518.txt,500,10,2715.0,2639.0,1.028798787419477
JobsCorre,519.txt,500,10,2972.0,2711.0,1.0962744374769458
JobsCorre,520.txt,500,10,2802.0,2631.0,1.0649942987457242
JobsCorre,521.txt,500,20,1341.0,1274.0,1.0525902668759812
JobsCorre,522.txt,500,20,1391.0,1296.0,1.0733024691358024
JobsCorre,523.txt,500,20,1390.0,1323.0,1.0506424792139077
JobsCorre,524.txt,500,20,1424.0,1358.0,1.04860088365243
JobsCorre,525.txt,500,20,1470.0,1330.0,1.105263157894737
JobsCorre,526.txt,500,20,1362.0,1286.0,1.0590979782270606
JobsCorre,527.txt,500,20,1407.0,1336.0,1.0531437125748504
JobsCorre,528.txt,500,20,1363.0,1293.0,1.054137664346481
JobsCorre,529.txt,500,20,1350.0,1278.0,1.056338028169014
JobsCorre,530.txt,500,20,1358.0,1284.0,1.057632398753894
JobsCorre,531.txt,500,30,964.0,889.0,1.0843644544431945
JobsCorre,532.txt,500,30,930.0,838.0,1.1097852028639619
JobsCorre,533.txt,500,30,983.0,867.0,1.1337946943483275
JobsCorre,534.txt,500,30,938.0,860.0,1.0906976744186045
JobsCorre,535.txt,500,30,1110.0,898.0,1.2360801781737194
JobsCorre,536.txt,500,30,949.0,885.0,1.072316384180791
JobsCorre,537.txt,500,30,1007.0,844.0,1.1931279620853081
JobsCorre,538.txt,500,30,914.0,839.0,1.0893921334922527
JobsCorre,539.txt,500,30,929.0,865.0,1.0739884393063583
JobsCorre,540.txt,500,30,939.0,869.0,1.0805523590333717
JobsCorre,541.txt,500,40,727.0,661.0,1.0998487140695916
JobsCorre,542.txt,500,40,722.0,660.0,1.093939393939394
JobsCorre,543.txt,500,40,782.0,643.0,1.2161741835147746
JobsCorre,544.txt,500,40,727.0,655.0,1.1099236641221375
JobsCorre,545.txt,500,40,791.0,679.0,1.1649484536082475
JobsCorre,546.txt,500,40,717.0,652.0,1.0996932515337423
JobsCorre,547.txt,500,40,756.0,670.0,1.128358208955224
JobsCorre,548.txt,500,40,724.0,641.0,1.1294851794071763
JobsCorre,549.txt,500,40,705.0,629.0,1.1208267090620032
JobsCorre,550.txt,500,40,687.0,623.0,1.102728731942215
JobsCorre,551.txt,500,50,590.0,511.0,1.1545988258317026
JobsCorre,552.txt,500,50,678.0,533.0,1.272045028142589
JobsCorre,553.txt,500,50,621.0,527.0,1.1783681214421253
JobsCorre,554.txt,500,50,608.0,520.0,1.1692307692307693
JobsCorre,555.txt,500,50,650.0,540.0,1.2037037037037037
JobsCorre,556.txt,500,50,619.0,528.0,1.1723484848484849
JobsCorre,557.txt,500,50,594.0,518.0,1.1467181467181466
JobsCorre,558.txt,500,50,613.0,536.0,1.1436567164179106
JobsCorre,559.txt,500,50,630.0,532.0,1.1842105263157894
JobsCorre,560.txt,500,50,587.0,521.0,1.126679462571977
MaqCorre,1011.txt,1000,10,2687.0,2546.0,1.0553809897879025
MaqCorre,1012.txt,1000,10,3578.0,3537.0,1.011591744416172
MaqCorre,1013.txt,1000,10,2124.0,2040.0,1.0411764705882354
MaqCorre,1014.txt,1000,10,4386.0,4313.0,1.0169255738465106
MaqCorre,1015.txt,1000,10,2709.0,2649.0,1.0226500566251415
MaqCorre,1016.txt,1000,10,6319.0,6286.0,1.005249761374483
MaqCorre,1017.txt,1000,10,3651.0,3582.0,1.0192629815745393
MaqCorre,1018.txt,1000,10,2863.0,2822.0,1.014528703047484
MaqCorre,1019.txt,1000,10,3150.0,3037.0,1.0372077708264735
MaqCorre,1020.txt,1000,10,6087.0,5672.0,1.073166431593794
MaqCorre,1021.txt,1000,20,1072.0,1045.0,1.0258373205741627
MaqCorre,1022.txt,1000,20,1036.0,985.0,1.051776649746193
MaqCorre,1023.txt,1000,20,2110.0,2044.0,1.032289628180039
MaqCorre,1024.txt,1000,20,1099.0,1051.0,1.0456707897240722
MaqCorre,1025.txt,1000,20,1757.0,1682.0,1.044589774078478
MaqCorre,1026.txt,1000,20,1329.0,1274.0,1.043171114599686
MaqCorre,1027.txt,1000,20,880.0,858.0,1.0256410256410255
MaqCorre,1028.txt,1000,20,1265.0,1237.0,1.0226354082457558
MaqCorre,1029.txt,1000,20,2835.0,2582.0,1.097986057319907
MaqCorre,1030.txt,1000,20,1265.0,1235.0,1.0242914979757085
MaqCorre,1031.txt,1000,30,1359.0,1265.0,1.074308300395257
MaqCorre,1032.txt,1000,30,984.0,901.0,1.0921198668146503
MaqCorre,1033.txt,1000,30,790.0,752.0,1.050531914893617
MaqCorre,1034.txt,1000,30,1249.0,1197.0,1.0434419381787803
MaqCorre,1035.txt,1000,30,1052.0,1004.0,1.047808764940239
MaqCorre,1036.txt,1000,30,792.0,721.0,1.0984743411927878
MaqCorre,1037.txt,1000,30,705.0,674.0,1.045994065281899
MaqCorre,1038.txt,1000,30,1025.0,952.0,1.0766806722689075
MaqCorre,1039.txt,1000,30,580.0,530.0,1.0943396226415094
MaqCorre,1040.txt,1000,30,875.0,786.0,1.11323155216285
MaqCorre,1041.txt,1000,40,820.0,760.0,1.0789473684210527
MaqCorre,1042.txt,1000,40,888.0,830.0,1.069879518072289
MaqCorre,1043.txt,1000,40,944.0,880.0,1.0727272727272728
MaqCorre,1044.txt,1000,40,682.0,616.0,1.1071428571428572
MaqCorre,1045.txt,1000,40,717.0,660.0,1.0863636363636364
MaqCorre,1046.txt,1000,40,612.0,561.0,1.0909090909090908
MaqCorre,1047.txt,1000,40,917.0,855.0,1.0725146198830409
MaqCorre,1048.txt,1000,40,650.0,595.0,1.0924369747899159
MaqCorre,1049.txt,1000,40,1016.0,945.0,1.0751322751322752
MaqCorre,1050.txt,1000,40,647.0,580.0,1.1155172413793104
MaqCorre,1051.txt,1000,50,912.0,840.0,1.0857142857142856
MaqCorre,1052.txt,1000,50,592.0,536.0,1.1044776119402986
MaqCorre,1053.txt,1000,50,568.0,514.0,1.105058365758755
MaqCorre,1054.txt,1000,50,768.0,719.0,1.0681502086230876
MaqCorre,1055.txt,1000,50,463.0,385.0,1.2025974025974027
MaqCorre,1056.txt,1000,50,454.0,393.0,1.1552162849872774
MaqCorre,1057.txt,1000,50,452.0,380.0,1.1894736842105262
MaqCorre,1058.txt,1000,50,527.0,470.0,1.1212765957446809
MaqCorre,1059.txt,1000,50,590.0,507.0,1.1637080867850098
MaqCorre,1060.txt,1000,50,617.0,570.0,1.0824561403508772
MaqCorre,111.txt,100,10,619.0,443.0,1.397291196388262
MaqCorre,112.txt,100,10,476.0,425.0,1.12
MaqCorre,113.txt,100,10,318.0,300.0,1.06
MaqCorre,114.txt,100,10,465.0,356.0,1.3061797752808988
MaqCorre,115.txt,100,10,364.0,326.0,1.116564417177914
MaqCorre,116.txt,100,10,189.0,164.0,1.1524390243902438
MaqCorre,117.txt,100,10,583.0,514.0,1.1342412451361867
MaqCorre,118.txt,100,10,290.0,266.0,1.0902255639097744
MaqCorre,119.txt,100,10,403.0,359.0,1.1225626740947074
MaqCorre,120.txt,100,10,330.0,314.0,1.0509554140127388
MaqCorre,121.txt,100,20,183.0,106.0,1.7264150943396226
MaqCorre,122.txt,100,20,185.0,143.0,1.2937062937062938
MaqCorre,123.txt,100,20,154.0,120.0,1.2833333333333334
MaqCorre,124.txt,100,20,119.0,85.0,1.4
MaqCorre,125.txt,100,20,200.0,176.0,1.1363636363636365
MaqCorre,126.txt,100,20,188.0,102.0,1.8431372549019607
MaqCorre,127.txt,100,20,294.0,221.0,1.330316742081448
MaqCorre,128.txt,100,20,197.0,157.0,1.2547770700636942
MaqCorre,129.txt,100,20,203.0,122.0,1.6639344262295082
MaqCorre,130.txt,100,20,276.0,208.0,1.3269230769230769
MaqCorre,131.txt,100,30,135.0,78.0,1.7307692307692308
MaqCorre,132.txt,100,30,156.0,98.0,1.5918367346938775
MaqCorre,133.txt,100,30,177.0,101.0,1.7524752475247525
MaqCorre,134.txt,100,30,196.0,132.0,1.4848484848484849
MaqCorre,135.txt,100,30,120.0,76.0,1.5789473684210527
MaqCorre,136.txt,100,30,169.0,132.0,1.2803030303030303
MaqCorre,137.txt,100,30,199.0,142.0,1.4014084507042253
MaqCorre,138.txt,100,30,183.0,122.0,1.5
MaqCorre,139.txt,100,30,196.0,112.0,1.75
MaqCorre,140.txt,100,30,187.0,122.0,1.5327868852459017
MaqCorre,141.txt,100,40,105.0,67.0,1.5671641791044777
MaqCorre,142.txt,100,40,127.0,73.0,1.7397260273972603
MaqCorre,143.txt,100,40,89.0,75.0,1.1866666666666668
MaqCorre,144.txt,100,40,186.0,111.0,1.6756756756756757
MaqCorre,145.txt,100,40,168.0,95.0,1.768421052631579
MaqCorre,146.txt,100,40,138.0,88.0,1.5681818181818181
MaqCorre,147.txt,100,40,91.0,73.0,1.2465753424657535
MaqCorre,148.txt,100,40,134.0,72.0,1.8611111111111112
MaqCorre,149.txt,100,40,170.0,98.0,1.7346938775510203
MaqCorre,150.txt,100,40,149.0,87.0,1.7126436781609196
MaqCorre,151.txt,100,50,140.0,77.0,1.8181818181818181
MaqCorre,152.txt,100,50,100.0,66.0,1.5151515151515151
MaqCorre,153.txt,100,50,111.0,62.0,1.7903225806451613
MaqCorre,154.txt,100,50,123.0,79.0,1.5569620253164558
MaqCorre,155.txt,100,50,114.0,74.0,1.5405405405405406
MaqCorre,156.txt,100,50,119.0,66.0,1.803030303030303
MaqCorre,157.txt,100,50,131.0,74.0,1.7702702702702702
MaqCorre,158.txt,100,50,134.0,78.0,1.7179487179487178
MaqCorre,159.txt,100,50,122.0,69.0,1.7681159420289856
MaqCorre,160.txt,100,50,103.0,58.0,1.7758620689655173
MaqCorre,211.txt,200,10,553.0,515.0,1.0737864077669903
MaqCorre,212.txt,200,10,519.0,473.0,1.0972515856236786
MaqCorre,213.txt,200,10,863.0,822.0,1.0498783454987834
MaqCorre,214.txt,200,10,868.0,785.0,1.105732484076433
MaqCorre,215.txt,200,10,615.0,587.0,1.0477001703577513
MaqCorre,216.txt,200,10,1427.0,1138.0,1.2539543057996485
MaqCorre,217.txt,200,10,655.0,578.0,1.1332179930795847
MaqCorre,218.txt,200,10,966.0,830.0,1.163855421686747
MaqCorre,219.txt,200,10,561.0,535.0,1.0485981308411214
MaqCorre,220.txt,200,10,684.0,654.0,1.0458715596330275
MaqCorre,221.txt,200,20,489.0,422.0,1.1587677725118484
MaqCorre,222.txt,200,20,551.0,428.0,1.2873831775700935
MaqCorre,223.txt,200,20,238.0,178.0,1.3370786516853932
MaqCorre,224.txt,200,20,429.0,378.0,1.1349206349206349
MaqCorre,225.txt,200,20,385.0,352.0,1.09375
MaqCorre,226.txt,200,20,405.0,355.0,1.1408450704225352
MaqCorre,227.txt,200,20,347.0,305.0,1.137704918032787
MaqCorre,228.txt,200,20,419.0,376.0,1.1143617021276595
MaqCorre,229.txt,200,20,417.0,387.0,1.0775193798449612
MaqCorre,230.txt,200,20,403.0,363.0,1.1101928374655647
MaqCorre,231.txt,200,30,296.0,240.0,1.2333333333333334
MaqCorre,232.txt,200,30,221.0,160.0,1.38125
MaqCorre,233.txt,200,30,263.0,213.0,1.2347417840375587
MaqCorre,234.txt,200,30,265.0,209.0,1.2679425837320575
MaqCorre,235.txt,200,30,307.0,279.0,1.1003584229390682
MaqCorre,236.txt,200,30,277.0,195.0,1.4205128205128206
MaqCorre,237.txt,200,30,487.0,348.0,1.3994252873563218
MaqCorre,238.txt,200,30,221.0,159.0,1.389937106918239
MaqCorre,239.txt,200,30,199.0,160.0,1.24375
MaqCorre,240.txt,200,30,279.0,246.0,1.1341463414634145
MaqCorre,241.txt,200,40,184.0,129.0,1.426356589147287
MaqCorre,242.txt,200,40,214.0,176.0,1.2159090909090908
MaqCorre,243.txt,200,40,207.0,150.0,1.38
MaqCorre,244.txt,200,40,168.0,125.0,1.344
MaqCorre,245.txt,200,40,192.0,158.0,1.2151898734177216
MaqCorre,246.txt,200,40,203.0,170.0,1.1941176470588235
MaqCorre,247.txt,200,40,238.0,199.0,1.1959798994974875
MaqCorre,248.txt,200,40,202.0,141.0,1.4326241134751774
MaqCorre,249.txt,200,40,197.0,153.0,1.2875816993464053
MaqCorre,250.txt,200,40,201.0,157.0,1.2802547770700636
MaqCorre,251.txt,200,50,192.0,148.0,1.2972972972972974
MaqCorre,252.txt,200,50,197.0,124.0,1.5887096774193548
MaqCorre,253.txt,200,50,204.0,164.0,1.2439024390243902
MaqCorre,254.txt,200,50,108.0,75.0,1.44
MaqCorre,255.txt,200,50,193.0,124.0,1.5564516129032258
MaqCorre,256.txt,200,50,184.0,119.0,1.546218487394958
MaqCorre,257.txt,200,50,201.0,120.0,1.675
MaqCorre,258.txt,200,50,187.0,116.0,1.6120689655172413
MaqCorre,259.txt,200,50,204.0,144.0,1.4166666666666667
MaqCorre,260.txt,200,50,191.0,102.0,1.8725490196078431
MaqCorre,511.txt,500,10,1319.0,1279.0,1.0312744331508992
MaqCorre,512.txt,500,10,2741.0,2610.0,1.050191570881226
MaqCorre,513.txt,500,10,1982.0,1912.0,1.036610878661088
MaqCorre,514.txt,500,10,1286.0,1255.0,1.0247011952191234
MaqCorre,515.txt,500,10,2329.0,2298.0,1.0134899912967799
MaqCorre,516.txt,500,10,2164.0,2116.0,1.0226843100189036
MaqCorre,517.txt,500,10,2422.0,2374.0,1.0202190395956192
MaqCorre,518.txt,500,10,2640.0,2603.0,1.0142143680368805
MaqCorre,519.txt,500,10,1247.0,1146.0,1.088132635253054
MaqCorre,520.txt,500,10,1312.0,1248.0,1.0512820512820513
MaqCorre,521.txt,500,20,700.0,661.0,1.059001512859304
MaqCorre,522.txt,500,20,828.0,734.0,1.1280653950953679
MaqCorre,523.txt,500,20,875.0,829.0,1.0554885404101326
MaqCorre,524.txt,500,20,701.0,611.0,1.1472995090016367
MaqCorre,525.txt,500,20,1272.0,1140.0,1.1157894736842104
MaqCorre,526.txt,500,20,1578.0,1275.0,1.2376470588235293
MaqCorre,527.txt,500,20,931.0,882.0,1.0555555555555556
MaqCorre,528.txt,500,20,1210.0,1150.0,1.0521739130434782
MaqCorre,529.txt,500,20,506.0,454.0,1.1145374449339207
MaqCorre,530.txt,500,20,495.0,436.0,1.135321100917431
MaqCorre,531.txt,500,30,464.0,418.0,1.1100478468899522
MaqCorre,532.txt,500,30,601.0,534.0,1.1254681647940075
MaqCorre,533.txt,500,30,525.0,486.0,1.0802469135802468
MaqCorre,534.txt,500,30,482.0,429.0,1.1235431235431235
MaqCorre,535.txt,500,30,500.0,434.0,1.152073732718894
MaqCorre,536.txt,500,30,413.0,366.0,1.1284153005464481
MaqCorre,537.txt,500,30,583.0,528.0,1.1041666666666667
MaqCorre,538.txt,500,30,697.0,642.0,1.0856697819314642
MaqCorre,539.txt,500,30,516.0,462.0,1.1168831168831168
MaqCorre,540.txt,500,30,677.0,638.0,1.061128526645768
MaqCorre,541.txt,500,40,372.0,308.0,1.2077922077922079
MaqCorre,542.txt,500,40,368.0,316.0,1.1645569620253164
MaqCorre,543.txt,500,40,436.0,370.0,1.1783783783783783
MaqCorre,544.txt,500,40,387.0,312.0,1.2403846153846154
MaqCorre,545.txt,500,40,376.0,306.0,1.2287581699346406
MaqCorre,546.txt,500,40,459.0,394.0,1.1649746192893402
MaqCorre,547.txt,500,40,503.0,424.0,1.1863207547169812
MaqCorre,548.txt,500,40,396.0,325.0,1.2184615384615385
MaqCorre,549.txt,500,40,526.0,460.0,1.1434782608695653
MaqCorre,550.txt,500,40,410.0,355.0,1.1549295774647887
MaqCorre,551.txt,500,50,248.0,180.0,1.3777777777777778
MaqCorre,552.txt,500,50,348.0,294.0,1.183673469387755
MaqCorre,553.txt,500,50,336.0,281.0,1.195729537366548
MaqCorre,554.txt,500,50,302.0,245.0,1.2326530612244897
MaqCorre,555.txt,500,50,402.0,320.0,1.25625
MaqCorre,556.txt,500,50,247.0,192.0,1.2864583333333333
MaqCorre,557.txt,500,50,387.0,347.0,1.1152737752161384
MaqCorre,558.txt,500,50,368.0,295.0,1.2474576271186442
MaqCorre,559.txt,500,50,294.0,237.0,1.240506329113924
MaqCorre,560.txt,500,50,308.0,252.0,1.2222222222222223